Sex,Nationality,Where.are.you.currently.studying.,Age,Education,No..of.languages.spoken,Work.experience,If.you.selected.recently.employed.to.the.previous.question..did.you.resign.from.your.position.,Have.you.ever.started.a.business.,Have.your.parents.ever.started.a.business.,Has.anyone.else.you.known.started.a.business.,Have.you.ever.worked.for.a.small.or.new.company.,Does.anyone.in.your.family.own.a.business.,Do.you.think.you.will.ever.start.a.business.,Do.you.think.you.will.ever.start.a.social.business.,Entrepreneurs.as.individuals.are.admired.in.my.country,To.turn.a.new.idea.into.businesses.is.an.admired.career.path.in.my.country,Creative.thinking.is.viewed.as.a.route.to.success.in.my.country,People.in.my.country.tend.to.greatly.admire.those.who.start.their.own.businesses,Close.Family,Friends,Colleagues,Close.Family.1,Friends.1,Colleagues.1,How.hard.do.you.think.it.will.be.to.start.a.business.,How.certain.of.success.are.you.,How.overworked.would.you.be.,Do.you.know.enough.to.start.a.business.,How.sure.of.yourself.are.you.,I.would.love.doing.it.,How.tense.would.you.be.,How.enthusiastic.would.you.be.,I.feel.free.to.do.things.my.own.way,I.feel.pressured.in.my.life,I.generally.feel.free.to.express.my.ideas.and.opinions,In.my.daily.life.I.frequently.have.to.do.what.I.am.told,I.really.do.what.interests.me,I.have.to.do.things.against.my.will,I.like.to.take.bold.action.by.venturing.into.the.unknown,I.am.willing.to.invest.a.lot.of.time.and.or.money.on.something.that.might.yield.a.high.return,I.tend.to.act.�.�boldly�...in.situations.where.risk.is.involved,I.often.like.to.try.new.and.unusual.activities.that.are.not.typical.but.not.necessarily.risky,In.general..I.prefer.a.strong.emphasis.in.projects.on.unique..one.of.a.kind.approaches.rather.than.revisiting.tried.and.true.approaches.used.before,I.prefer.to.try.my.own.unique.way.when.learning.new.things.rather.than.doing.it.like.everyone.else.does,I.favour.experimentation.and.original.approaches.to.problem.solving.rather.than.using.methods.others.generally.use.for.solving.their.problems,I.usually.act.in.anticipation.of.future.problems..needs.or.changes,I.tend.to.plan.ahead.on.projects,I.prefer.to.�.�step.up�...and.get.things.going.on.projects.rather.than.sit.and.wait.for.someone.else.to.do.it,I.can.identify.potential.capital.sources.for.the.venture,I.can.develop.relationships.with.people.who.connect.to.sources.of.funds,I.can.find.market.information.for.the.products.of.my.venture,I.know.how.to.legally.protect.a.new.venture,I.can.create.products.that.fulfil.customers�...unmet.needs,I.can.react.quickly.to.unexpected.changes,I.can.identify.new.areas.for.potential.growth.in.the.future,I.can.work.productively.in.stressful.situations,I.can.communicate.effectively.with.others,I.can.manage.cash.effectively,I.can.handle.personal.selling.effectively,I.can.manage.my.time.effectively,I.can.manage.risk.effectively,I.can.be.persistent.even.when.things.go.wrong,I.can.plan.for.the.future,I.have.the.necessary.abilities.to.start.a.new.business,RC1,RC3,RC2,RC4,RC5,RC6
Female,Scottish,Scotland,18-29,Graduate,1,Employed (part time),,No,Yes,Yes,No,Yes,No,No,7,7,7,7,4,4,2,7,7,7,2,1,6,2,5,4,4,6,7,4,7,1,4,2,4,4,4,4,5,6,4,6,7,7,5,4,6,2,4,6,6,6,7,4,7,7,4,4,4,4,0.927279704,-0.336648953,0.406068187,-1.492463719,0.602440865,-1.997616752
Male,British,Scotland,18-29,Graduate,1,Employed (part time),No,No,No,Yes,Yes,No,No,No,5,5,5,5,5,5,5,3,3,5,1,1,7,3,5,1,7,5,4,7,3,5,5,5,1,4,5,4,4,4,4,5,3,5,4,4,4,4,4,4,5,4,5,5,5,5,5,1,4,4,-0.212870389,-0.876207071,-0.636500256,-1.95795687,0.375097952,1.822081693
Female,Scottish,Scotland,18-29,Graduate,1,Employed (part time),,No,No,Yes,No,No,No,No,6,6,6,6,4,4,4,6,6,6,1,5,4,2,5,6,6,6,4,3,6,2,6,1,4,4,4,3,4,4,4,4,4,4,4,4,4,4,4,4,4,4,4,4,4,4,4,4,4,4,-1.234317942,-1.14775261,0.421421506,0.489812618,-0.021499519,-1.652389303
Male,British,Scotland,18-29,Graduate,1,Employed (part time),,No,Yes,Yes,Yes,Yes,Yes,No,6,6,7,3,6,6,2,7,7,2,3,5,7,6,7,3,5,6,6,7,6,3,4,6,7,7,7,6,6,7,6,7,7,7,5,3,3,1,4,6,6,6,6,6,6,6,4,6,6,6,0.076562822,1.27434052,-0.919760542,-0.508674404,1.893077175,0.012945188
Female,Scottish,Scotland,18-29,Graduate,1,Recently employed,No,No,Yes,Yes,Yes,No,No,No,7,7,7,7,5,5,5,7,7,7,2,5,5,5,5,7,5,7,6,5,6,6,6,3,4,6,5,3,6,3,2,6,6,6,5,5,5,6,5,6,5,5,6,7,6,6,5,5,7,4,0.907444185,-1.850358673,1.241820153,0.701284617,0.641206437,-0.201428068
Female,Scottish,Scotland,18-29,Graduate,1,Employed (part time),No,No,Yes,Yes,Yes,Yes,No,No,7,7,7,7,7,7,7,6,6,6,1,3,7,3,4,4,6,4,5,5,6,4,2,1,4,4,2,5,6,7,5,7,7,7,4,4,4,2,2,3,3,6,7,7,7,5,6,6,7,4,0.908846947,-0.335329446,1.470523364,-3.00160304,1.491042325,-0.746355594
Male,Scottish,Scotland,18-29,Graduate,1,Employed (part time),,Yes,No,No,No,No,Yes,No,7,5,7,6,1,3,4,4,5,5,5,7,6,7,7,7,3,7,7,7,7,5,1,5,2,7,3,3,2,2,2,5,7,5,7,3,7,5,7,7,7,7,4,7,7,7,5,7,7,7,2.381101123,-4.020830137,-1.156340498,2.723524663,0.87382929,1.182737493
Male,Azerbaijani,Scotland,18-29,College,4,Recently employed,No,No,Yes,Yes,Yes,Yes,Yes,No,5,5,5,3,2,2,3,5,5,5,2,5,5,6,6,5,5,5,6,6,5,4,3,5,4,6,5,5,5,5,5,6,6,4,4,5,6,5,6,3,5,2,4,7,6,3,5,5,7,6,0.020359024,-0.175451242,-1.930362598,0.673240754,0.230612346,0.319893083
Female,British ,Scotland,18-29,Postgraduate,2,Employed (part time),No,Yes,Yes,Yes,Yes,Yes,Yes,Yes,4,4,4,4,2,2,2,3,3,3,1,7,7,7,7,7,5,7,7,7,7,6,6,7,4,4,4,4,4,4,4,4,4,4,4,4,4,4,4,4,4,4,7,7,7,7,7,7,7,7,1.040979968,-2.408958227,-3.183733843,1.706185677,3.093124292,1.957732413
Male,British,Scotland,18-29,Graduate,3,Employed (part time),,Yes,Yes,Yes,Yes,Yes,Yes,Yes,7,7,7,7,7,5,4,7,7,6,3,2,7,5,6,7,6,7,5,6,6,2,5,1,3,7,5,6,5,7,6,5,6,7,5,6,6,4,6,5,6,5,5,7,5,6,4,6,7,7,0.578514042,0.113621185,0.984510076,0.068799184,0.76602151,-1.466102061
Male,China,Scotland,18-29,Graduate,2,Unemployed,Yes,Yes,Yes,Yes,No,Yes,Yes,No,6,6,6,5,4,6,5,5,5,4,2,4,2,4,5,5,5,5,6,5,7,6,6,4,5,6,3,5,5,6,6,5,6,6,5,6,5,5,5,6,4,5,6,5,4,5,5,5,5,6,-0.098959376,0.362469229,-0.088371586,-0.144132634,-0.435719833,0.744356196
Male,Zimbabwean,Scotland,18-29,Graduate,2,Employed (part time),,No,Yes,Yes,No,Yes,Yes,No,7,7,6,6,6,7,7,7,7,6,1,4,7,3,6,7,7,7,5,3,5,5,6,7,5,7,5,5,5,5,5,6,7,5,5,5,6,5,4,5,5,6,6,6,5,6,6,5,7,6,0.496346044,-0.03480811,1.427933418,-0.392642675,0.679354838,0.202616749
Male,pakistani,Scotland,18-29,Graduate,3,Employed (part time),No,No,Yes,Yes,Yes,Yes,Yes,Yes,6,5,5,6,5,5,6,6,6,6,3,5,7,4,7,7,5,7,7,5,3,7,4,7,6,7,5,6,5,7,7,7,7,6,6,6,6,6,7,7,7,7,7,7,7,5,5,6,6,7,1.272411528,1.127021891,-0.110687323,0.082853141,-0.21907127,0.908232569
Male,pakistani,Scotland,18-29,Graduate,3,Employed (part time),No,No,Yes,Yes,Yes,Yes,Yes,Yes,6,5,5,6,5,5,6,6,6,6,3,5,7,4,7,7,5,7,7,5,3,7,4,7,6,7,5,6,5,7,7,7,7,6,6,6,6,6,7,7,7,7,7,7,7,5,5,6,6,7,1.272411528,1.127021891,-0.110687323,0.082853141,-0.21907127,0.908232569
Male,irish ,Scotland,18-29,Graduate,1,Recently employed,Yes,No,No,Yes,Yes,Yes,Yes,No,6,5,4,6,5,4,7,7,5,3,3,5,6,3,4,4,6,5,3,5,4,3,5,4,4,5,3,4,4,5,6,5,4,3,4,5,3,3,4,5,5,6,6,4,3,4,5,4,6,6,-0.440982064,-0.55271908,0.018840508,-0.412099455,-0.393544476,-0.002778266
Male,Malaysia,Malaysia,18-29,Graduate,2,Never worked,,No,Yes,Yes,No,Yes,No,No,5,6,6,5,4,5,5,3,4,5,1,3,7,3,3,2,6,2,6,6,6,6,4,5,2,2,4,3,4,4,5,6,5,6,4,2,2,3,5,5,5,5,5,5,3,5,6,6,5,2,0.368648098,-1.130852523,-0.682470695,-2.569324549,1.293482706,2.080036076
Female,Malaysian,Malaysia,18-29,Postgraduate,3,Employed (full time),,Yes,Yes,Yes,Yes,Yes,No,Yes,5,6,7,6,5,4,5,5,6,6,2,5,7,5,4,6,7,7,6,7,7,4,6,6,6,6,5,6,6,6,6,6,7,6,5,4,5,2,5,5,4,6,5,6,6,6,4,4,5,5,-0.407348945,0.880453908,-0.190761001,-0.567711257,2.358228931,0.076564013
Male,Malaysian,Malaysia,18-29,Postgraduate,2,Employed (full time),Yes,No,Yes,Yes,No,No,Yes,No,7,3,4,6,4,6,5,5,6,6,6,4,7,3,5,7,5,7,7,3,7,7,7,7,5,5,5,7,7,7,7,6,6,6,5,6,6,6,6,6,6,6,6,5,7,7,6,5,6,6,0.679023164,1.526127649,-0.527360843,0.14982331,0.050047121,0.443451666
Female,Malaysian,Malaysia,18-29,Postgraduate,4,Employed (full time),No,No,Yes,Yes,Yes,Yes,No,No,6,6,6,7,6,6,7,6,6,7,2,4,7,2,1,4,7,4,7,5,5,6,2,5,1,5,1,6,3,6,5,7,7,7,6,4,7,1,4,2,5,4,3,7,6,7,7,3,7,7,1.082873573,-0.812795092,1.102332498,-2.691345516,0.967497801,0.896000201
Male,Malaysian,Malaysia,40-49,Postgraduate,2,Employed (full time),Yes,Yes,No,Yes,Yes,No,Yes,No,7,4,6,7,7,7,7,6,7,5,2,5,7,5,7,7,7,7,7,5,7,7,7,1,7,7,7,7,7,7,6,5,7,7,7,6,6,6,6,6,6,6,6,7,7,7,7,7,7,7,1.081264617,1.153457892,0.704599899,0.53844445,0.992474555,-0.202944115
Male,Malaysia,Malaysia,30-39,Postgraduate,2,Employed (full time),No,Yes,No,Yes,No,Yes,Yes,Yes,4,7,5,4,4,6,6,6,6,6,6,7,7,7,7,7,7,7,7,7,7,6,7,5,7,7,7,7,7,7,7,7,7,7,7,7,7,7,7,7,7,7,7,4,7,7,5,7,7,7,0.941357713,1.980511454,-0.507857946,1.587383043,0.428893646,-0.047791143
Male,Malaysian,Malaysia,18-29,Graduate,3,Employed (part time),No,No,No,Yes,Yes,Yes,Yes,Yes,5,5,6,6,6,6,5,5,6,5,4,6,6,5,7,6,5,5,6,6,7,6,5,6,6,4,6,5,7,5,5,3,5,4,5,4,6,4,6,5,4,6,4,6,4,5,6,4,6,5,-0.510343377,-0.344277144,0.05420936,1.19015523,0.276058825,1.153180595
Male,Malaysian,Malaysia,18-29,Postgraduate,4,Employed (full time),,Yes,No,Yes,Yes,No,Yes,Yes,5,6,6,5,1,4,6,1,5,6,3,5,6,4,5,7,5,7,7,3,7,4,7,3,7,7,7,7,5,7,6,6,6,7,6,6,6,6,6,6,6,6,6,6,6,6,6,5,6,7,0.682489712,1.833845896,-1.616473926,0.480646894,0.445673788,-0.554257331
Female,Malaysia,Malaysia,18-29,Postgraduate,2,Employed (full time),No,No,Yes,Yes,No,No,No,Yes,6,5,6,3,6,6,6,6,6,6,2,6,7,2,6,6,6,6,6,2,5,3,6,2,5,6,4,6,5,5,6,5,5,4,3,4,5,3,5,5,4,6,5,5,4,5,5,5,6,3,-0.794840097,0.413841832,0.247569907,-0.013634968,0.818815851,-1.976993263
Female,Malaysian,Malaysia,18-29,Postgraduate,2,Recently employed,Yes,Yes,Yes,Yes,Yes,Yes,Yes,Yes,4,3,5,5,5,5,5,5,5,6,4,4,5,4,4,6,4,6,6,5,6,4,5,4,5,6,5,6,5,5,5,5,5,5,4,4,4,4,5,4,5,5,4,5,4,5,5,5,5,4,-0.763801622,0.651718256,-0.793487444,0.073505867,-0.027546633,-0.801577475
Male,Malaysian,Malaysia,18-29,Graduate,2,Employed (part time),No,No,No,Yes,Yes,Yes,No,No,6,6,6,5,5,5,5,6,6,6,3,3,6,6,7,2,7,4,5,6,6,6,6,6,5,5,5,6,4,5,5,5,6,6,6,5,6,6,5,5,6,5,7,4,6,5,5,5,6,6,0.708151682,-0.357758381,0.267281329,-0.186851759,-0.206889503,1.445867991
Female,malaysian,Malaysia,30-39,Postgraduate,2,Employed (full time),,Yes,Yes,Yes,Yes,Yes,Yes,Yes,5,5,6,6,6,6,5,4,5,4,5,3,7,3,4,6,4,5,7,3,6,3,6,3,6,5,5,5,6,3,5,6,5,3,3,3,3,3,3,2,4,4,4,5,5,3,3,3,2,5,-2.474311082,0.758731775,-0.250012777,0.09204947,0.893197447,-0.468986106
Male,Malaysia,Malaysia,18-29,College,3,Employed (part time),No,Yes,No,Yes,Yes,No,Yes,No,7,7,7,7,7,6,1,7,5,1,1,4,5,4,5,7,5,5,5,4,5,5,7,7,7,7,7,7,6,7,7,6,6,6,7,6,7,7,7,6,7,6,7,5,7,6,6,7,7,7,1.170951358,1.50684966,-0.111890379,0.028576875,-1.223957894,2.558622215
Female,Malaysia,Malaysia,18-29,Graduate,2,Never worked,,Yes,No,No,Yes,No,No,No,3,4,4,4,4,4,4,4,4,4,4,4,4,4,4,4,4,4,4,4,4,4,4,4,4,4,4,4,4,4,4,4,4,4,4,4,4,4,4,4,4,4,4,4,4,4,4,4,4,4,-0.939134578,-0.524691206,-1.462696857,0.039756915,-1.363000013,0.007530847
Female,Malaysian,Malaysia,18-29,Graduate,3,Employed (full time),Yes,No,Yes,Yes,Yes,No,Yes,Yes,5,5,6,6,4,5,5,4,3,5,2,4,5,3,3,6,5,5,7,4,6,4,7,4,4,5,4,5,4,5,5,5,6,6,5,5,5,5,5,5,5,5,5,6,5,5,5,5,5,5,0.122433746,-0.039908893,-0.698809811,-0.407278259,0.303661171,0.549559712
Female,Malaysia,Malaysia,18-29,College,2,Employed (part time),Yes,No,Yes,No,Yes,Yes,Yes,Yes,5,5,6,6,5,7,6,4,6,6,3,4,5,3,5,5,6,6,7,3,6,5,6,3,5,3,2,5,5,5,6,5,5,5,5,4,5,3,3,4,5,5,6,5,5,5,5,5,4,5,-0.441572199,-0.161547962,0.374605332,-0.505906357,0.618582112,-0.459564663
Female,MALAYSIA,Malaysia,18-29,Graduate,2,Employed (part time),Yes,Yes,Yes,Yes,Yes,Yes,Yes,Yes,6,5,3,6,4,3,6,5,4,5,1,4,6,4,5,7,5,6,4,3,6,4,4,2,4,6,4,4,4,6,5,5,6,7,4,6,6,4,4,4,5,4,5,4,4,4,4,3,4,5,-0.872198049,0.507059951,-0.669458809,0.189362163,-0.074986188,-1.529708796
Female,Malaysian,Malaysia,18-29,College,3,Never worked,,Yes,Yes,Yes,No,Yes,Yes,Yes,7,5,6,6,7,7,7,6,6,6,4,6,7,5,5,6,6,7,6,5,6,5,7,4,1,5,1,6,6,5,5,5,6,6,5,5,5,5,5,5,5,5,5,5,5,5,5,5,5,5,-0.315923868,-0.835063802,1.291033251,0.68011405,0.958822188,-0.29813192
Male,Malaysia,Malaysia,18-29,Graduate,1,Employed (part time),No,No,Yes,Yes,No,No,Yes,Yes,7,7,7,7,7,7,7,7,7,7,2,5,7,2,6,7,6,6,7,1,7,6,5,7,7,6,6,7,6,7,6,6,7,6,5,6,5,5,6,5,6,5,6,5,5,5,5,6,7,5,-0.275881181,1.568456709,1.67096781,-0.216529835,0.305316907,0.276883015
Female,Malaysia,Malaysia,18-29,College,3,Never worked,,Yes,No,Yes,No,Yes,Yes,Yes,3,7,7,5,5,6,6,7,3,3,1,5,7,5,5,6,6,6,7,6,7,6,7,1,5,7,5,7,6,7,6,6,6,2,3,2,6,6,6,2,5,3,3,3,4,4,4,4,5,5,-2.573706615,1.742081374,-0.326665259,0.61870317,1.685109531,0.642416199
Female,Malaysian,Malaysia,18-29,College,2,Never worked,,No,No,Yes,No,No,Yes,Yes,5,4,5,5,4,4,4,5,5,5,2,4,4,4,4,4,4,4,4,4,4,4,4,4,4,4,4,4,4,4,4,4,4,4,4,4,4,4,4,4,4,4,4,4,4,4,4,4,4,4,-0.874375736,-0.817950015,-0.568873929,-0.204073367,-1.276569984,0.047706451
Female,MALAYSIA,Malaysia,18-29,College,5+,Employed (part time),No,Yes,No,Yes,Yes,Yes,Yes,Yes,7,7,7,7,7,7,7,7,7,7,2,5,5,4,5,7,6,5,6,4,6,2,7,2,3,7,7,7,4,6,5,6,7,6,5,6,5,5,6,6,6,6,6,5,5,5,5,5,7,6,0.110195294,0.557622757,1.88240624,0.209739524,-0.235637732,-1.458786025
Female,Malaysian,Malaysia,40-49,College,2,Employed (fixed term),No,No,No,Yes,No,Yes,Yes,No,4,5,4,4,6,6,6,4,4,4,3,4,6,4,4,4,5,4,4,4,5,5,5,5,5,5,5,4,5,6,6,6,5,6,4,5,4,6,6,5,5,4,5,5,4,4,4,5,4,4,-0.628550411,1.162328285,-0.679177691,-0.711749053,-1.185305775,0.647374078
Female,MALAYSIA,Malaysia,18-29,College,2,Employed (full time),No,Yes,Yes,Yes,Yes,Yes,Yes,Yes,6,6,6,5,6,6,6,6,6,5,1,2,7,4,6,7,6,6,6,2,6,6,6,6,6,5,5,5,5,6,5,5,5,6,5,6,5,3,5,4,3,4,4,3,4,4,4,4,4,5,-1.674651438,1.092193491,0.637583597,-0.092513177,0.469551296,0.219589564
Female,Malaysian,Malaysia,18-29,Postgraduate,2,Unemployed,,Yes,Yes,Yes,Yes,Yes,Yes,Yes,6,6,7,6,6,5,5,4,6,5,4,5,7,6,5,7,5,6,6,4,6,6,6,6,5,6,5,5,4,5,5,4,6,5,6,5,6,4,7,5,6,6,5,7,5,6,5,5,7,7,0.621742121,-0.864267164,0.058726943,1.180479175,0.42866439,1.383416293
Male,Malaysian,Malaysia,30-39,Postgraduate,3,Employed (full time),No,No,No,Yes,No,Yes,Yes,Yes,5,6,6,5,5,6,6,6,6,6,5,5,6,6,5,6,5,6,7,4,6,6,5,6,5,5,5,7,6,6,6,6,6,6,6,6,6,6,6,6,6,6,6,6,6,6,6,6,6,6,0.849777756,0.645827946,0.091504484,0.473626854,-0.452741819,0.572676877
Female,Malaysia,Malaysia,18-29,College,2,Employed (part time),Yes,Yes,Yes,Yes,No,Yes,Yes,Yes,5,5,5,5,6,6,6,4,4,4,5,6,7,5,6,7,6,7,6,1,6,6,6,1,5,7,5,6,6,5,5,5,5,6,6,6,6,6,5,6,6,6,6,6,6,6,6,6,7,7,0.652425636,0.157450431,-0.689316992,1.668210778,0.128089771,-0.4883544
Female,Malaysia,Malaysia,18-29,Graduate,2,Employed (part time),No,Yes,Yes,Yes,Yes,Yes,No,No,5,5,6,5,6,6,6,4,3,3,4,5,6,5,6,7,7,7,7,5,7,5,6,5,5,5,5,6,5,5,5,6,6,6,6,6,5,5,5,5,5,5,6,5,5,5,5,5,5,5,-0.422294846,0.45727178,-0.746936152,0.854403007,1.341038872,0.928182272
Male,MALAYSIA ,Malaysia,50-59,Postgraduate,3,Employed (part time),No,Yes,No,Yes,Yes,No,Yes,Yes,1,7,4,2,1,7,7,3,6,6,6,7,6,7,7,7,7,7,7,4,7,7,7,1,4,7,6,7,7,7,7,7,7,7,3,7,7,6,7,7,7,7,7,7,7,4,5,1,4,7,-0.159490877,2.548702213,-1.537793603,1.615927145,0.496798483,-2.143964232
Female,Malaysia,Malaysia,30-39,Postgraduate,2,Employed (full time),No,Yes,Yes,Yes,Yes,Yes,Yes,Yes,6,6,6,7,7,7,7,6,6,6,2,6,7,5,7,7,7,7,7,7,7,7,7,4,5,6,5,4,5,5,5,6,6,7,6,6,6,6,6,6,5,7,7,7,6,6,6,7,6,6,1.123069975,-0.717998298,1.102233874,0.69499967,1.503444351,0.73934842
Female,Malaysian,Malaysia,18-29,Postgraduate,2,Unemployed,No,Yes,Yes,Yes,Yes,Yes,Yes,Yes,5,6,6,6,6,6,6,6,6,6,4,4,6,4,5,5,6,6,6,5,6,6,6,5,5,5,4,6,5,6,6,5,6,6,5,5,5,5,5,6,5,6,6,6,6,6,4,5,5,5,0.202321408,0.276757767,0.596565327,-0.365338401,0.341560715,0.383084382
Male,Malaysia,Malaysia,30-39,Postgraduate,2,Employed (full time),No,No,Yes,Yes,No,No,Yes,Yes,6,7,6,5,7,3,4,3,3,3,3,4,6,4,5,7,7,7,7,6,7,7,7,5,7,7,6,7,6,5,5,6,6,7,5,3,3,2,5,5,5,4,5,7,4,6,4,5,5,7,-1.042549752,1.159434051,-1.34635345,0.016565664,3.33151106,1.778546369
Male,Malaysian,Malaysia,30-39,Postgraduate,2,Employed (full time),,Yes,Yes,Yes,Yes,Yes,Yes,Yes,7,7,6,6,6,6,6,4,6,6,3,5,7,5,5,6,6,6,6,6,6,6,6,6,6,6,6,6,6,6,6,6,6,6,6,6,4,4,6,6,6,6,6,6,5,6,6,6,6,6,0.474690637,0.733374492,0.42120098,-0.190002095,0.825366067,1.289218803
Female,Malaysia,Malaysia,18-29,College,2,Employed (full time),No,No,No,Yes,Yes,Yes,Yes,Yes,5,5,5,5,5,4,4,5,5,5,2,4,6,6,6,6,6,6,5,3,6,5,6,5,4,5,6,5,4,5,5,6,6,4,4,6,5,4,3,4,4,3,5,5,5,5,4,4,6,6,-0.800257384,0.054895134,-0.759838998,0.614996295,0.817945952,0.088205413
Female,Malaysian,Malaysia,30-39,Postgraduate,2,Employed (full time),No,Yes,Yes,Yes,No,Yes,Yes,Yes,6,6,7,7,6,7,7,7,7,7,4,4,7,5,7,7,7,7,6,6,6,6,6,2,6,6,6,4,3,5,5,5,6,6,6,6,4,5,4,4,4,4,4,4,4,4,4,5,6,6,-1.129474892,-0.254589621,1.678931139,1.021487059,1.053875442,-0.436878005
Female,Malaysian,Malaysia,40-49,Postgraduate,2,Employed (full time),,Yes,No,Yes,No,Yes,Yes,Yes,5,6,6,4,4,5,4,5,5,5,5,3,5,5,5,5,4,5,5,3,5,4,5,5,5,5,4,5,5,6,3,5,5,5,5,5,5,5,5,5,5,5,5,5,5,5,5,5,5,5,0.110065777,-0.231793655,-0.570907866,0.295723422,-1.101355503,0.137660063
Female,malaysia,Malaysia,30-39,Postgraduate,2,Recently employed,Yes,Yes,Yes,Yes,Yes,Yes,Yes,Yes,7,6,7,7,7,4,5,6,5,5,3,6,7,5,5,6,6,6,6,3,6,5,5,5,5,5,4,5,5,5,5,5,5,5,5,5,5,5,5,5,5,6,6,6,6,6,4,5,6,5,0.177780961,-0.956116982,0.528598594,0.710129175,0.772433766,0.86799031
Male,Malaysia ,Malaysia,30-39,Postgraduate,3,Employed (full time),Yes,Yes,Yes,Yes,Yes,Yes,Yes,No,6,6,6,6,6,6,6,6,6,6,6,5,5,7,7,7,7,7,7,7,7,7,7,7,6,6,6,6,6,6,6,6,6,6,5,5,6,6,6,6,6,6,6,6,6,6,6,6,6,6,0.335209099,0.413989415,0.419216885,1.264570332,0.89555875,1.31615397
Female,Malaysia,Malaysia,18-29,Postgraduate,2,Employed (full time),No,No,Yes,Yes,Yes,No,Yes,Yes,6,6,5,6,6,6,6,6,6,4,4,6,6,4,6,6,4,6,6,5,6,5,5,3,5,5,5,5,4,5,5,5,5,7,5,6,4,4,3,6,4,6,6,3,3,4,4,6,6,4,-0.760162709,-0.073448558,0.419638707,0.694475811,0.380989227,-0.694665855
Female,malaysian,Malaysia,18-29,College,2,Never worked,No,Yes,Yes,Yes,No,Yes,Yes,Yes,6,6,6,6,5,5,5,6,6,6,6,5,5,5,5,6,5,6,5,6,6,5,5,6,6,6,6,4,5,5,5,5,5,6,5,5,5,5,5,6,5,6,5,5,4,4,4,4,4,5,-0.644983989,0.073926924,0.40815446,0.924673689,-0.485597357,0.351131443
Male,Malaysia,Malaysia,18-29,Postgraduate,2,Unemployed,No,No,No,Yes,No,No,Yes,Yes,5,5,7,6,5,5,5,5,4,4,1,5,6,4,5,5,5,5,6,5,6,4,5,4,3,5,4,5,6,5,4,5,6,6,5,5,5,5,5,5,5,6,5,5,4,5,5,5,5,5,0.02043823,-0.311617012,-0.343585314,-0.123049788,0.428948583,0.520799353
Female,Malaysian,Malaysia,18-29,College,5+,Recently employed,No,Yes,Yes,Yes,Yes,Yes,Yes,Yes,4,6,3,5,6,6,6,6,6,5,3,3,5,3,2,5,6,6,3,6,4,6,5,3,4,6,5,6,5,5,3,5,5,5,5,5,4,3,2,3,5,5,2,2,2,1,2,2,2,3,-3.044559698,1.488530497,0.522651119,-0.749554843,-0.625593533,-1.123609781
Female,Malaysia,Malaysia,18-29,Graduate,3,Employed (full time),No,No,No,Yes,Yes,No,Yes,Yes,7,7,7,7,5,5,4,5,5,5,7,7,7,7,7,7,7,7,7,7,7,7,7,7,7,7,7,7,7,7,7,7,7,7,7,6,7,7,7,7,7,6,7,6,6,6,6,6,6,5,0.659844278,1.359435781,-0.196108362,1.569621277,1.076129316,2.096704875
Female,malaysian,Malaysia,18-29,College,2,Never worked,,No,No,Yes,Yes,Yes,Yes,Yes,7,5,7,7,7,7,7,7,6,4,2,6,6,5,6,6,5,6,7,3,6,6,6,2,6,5,5,6,6,6,6,6,6,7,5,5,5,5,5,6,5,5,5,5,4,5,4,5,5,5,-0.868673328,0.922267015,1.16461172,0.514962384,0.325528914,-0.23958086
Male,Malaysia,Malaysia,30-39,Postgraduate,2,Employed (full time),No,No,Yes,Yes,No,No,Yes,Yes,6,7,6,5,7,3,4,3,3,3,3,4,6,4,5,7,7,7,7,6,7,7,7,5,7,7,6,7,6,5,5,6,6,7,5,3,3,2,5,5,5,4,5,7,4,6,4,5,5,7,-1.042549752,1.159434051,-1.34635345,0.016565664,3.33151106,1.778546369
Male,Malaysian,Malaysia,18-29,College,3,Never worked,,No,No,Yes,No,Yes,Yes,Yes,6,6,7,7,7,7,7,6,6,6,2,5,6,5,5,7,6,7,7,6,7,7,7,6,6,7,7,7,7,7,7,7,7,7,7,7,7,5,6,6,6,5,5,6,6,6,6,6,5,7,0.158712738,2.15552105,1.022748942,0.000372977,0.338694299,1.197978439
Female,Malaysian,Malaysia,18-29,Graduate,2,Employed (full time),No,No,Yes,Yes,No,Yes,Yes,Yes,7,5,5,5,5,5,6,5,5,6,2,7,7,6,6,6,3,6,6,5,6,5,7,5,4,6,5,6,6,5,6,5,5,5,6,5,5,5,5,5,5,5,5,5,5,5,5,5,5,5,-0.546177154,0.226115821,-0.079641181,1.239679762,0.206653989,0.223813617
Female,MALAYSIAN ,Malaysia,18-29,College,2,Employed (part time),Yes,No,Yes,Yes,No,Yes,Yes,No,7,5,7,7,7,6,7,7,7,7,4,4,5,3,4,5,5,4,4,2,4,6,7,1,4,6,4,7,6,3,6,4,5,7,4,3,3,6,4,4,6,4,6,6,7,6,5,6,3,3,-0.191466146,-0.12366244,1.890089199,-0.755071008,-1.08000679,-0.735969372
Male,Italian ,Scotland,18-29,Secondary,4,Employed (part time),,No,No,Yes,No,No,Yes,Yes,4,4,2,3,4,4,5,5,7,7,6,5,7,5,7,7,5,7,7,1,7,5,7,4,7,5,6,7,5,5,3,6,7,6,6,7,7,2,5,7,6,7,7,6,6,6,6,6,7,6,1.164724857,0.664701949,-1.53728776,1.412164774,0.405765917,-2.61236575
Female,Scottish,Scotland,18-29,Secondary,1,Employed (part time),,No,Yes,Yes,Yes,Yes,Yes,Yes,6,4,5,4,5,5,5,5,7,5,1,4,4,5,4,7,7,5,4,5,5,5,5,4,7,4,4,5,4,4,4,7,7,7,6,7,5,5,5,5,6,6,7,7,7,5,5,5,7,7,1.615197049,-0.209166989,-0.307135581,-0.634994856,-0.509364727,-0.357204218
Female,Malaysia,Malaysia,18-29,Postgraduate,2,Unemployed,Yes,Yes,No,Yes,Yes,Yes,No,No,5,5,5,5,5,5,5,5,5,5,3,5,7,3,3,5,5,5,5,3,5,5,7,7,7,7,7,5,5,5,5,5,5,5,5,5,5,5,5,5,5,5,5,5,5,5,5,5,5,5,-0.331768247,0.972494513,-0.511049493,-0.150841313,-0.580175547,0.862444529
Male,Malaysia,Malaysia,30-39,Postgraduate,2,Employed (full time),No,Yes,No,Yes,Yes,No,Yes,Yes,6,6,6,7,4,7,6,4,2,2,3,6,7,7,7,6,7,7,7,7,6,7,5,6,7,7,6,6,5,7,5,7,6,6,6,6,7,5,7,7,7,7,7,4,7,5,6,7,7,7,0.93349692,0.63880661,-0.906125627,1.095600658,1.131196574,2.842090358
Female,Malaysia,Malaysia,30-39,Graduate,2,Employed (full time),No,No,No,Yes,Yes,No,Yes,Yes,4,5,6,6,6,6,6,6,5,5,3,4,6,4,4,5,4,4,5,4,5,5,4,4,4,5,4,5,5,4,5,4,5,5,3,3,5,4,4,3,3,5,4,3,3,4,4,4,5,5,-1.476510308,-0.116235459,0.396652103,-0.237882485,-0.385521774,0.06469877
Female,malaysian,Malaysia,18-29,Postgraduate,2,Never worked,No,Yes,Yes,Yes,Yes,Yes,Yes,Yes,5,5,7,4,6,6,6,3,3,6,2,4,5,3,3,6,3,3,7,5,5,6,6,6,4,4,4,4,6,7,6,6,6,6,6,6,6,5,6,6,4,6,5,6,5,5,5,5,5,6,0.466566733,0.923177848,-0.3317644,-1.213594159,-1.111948761,1.82332514
Male,British,Scotland,18-29,Graduate,2,Employed (part time),No,No,Yes,Yes,Yes,Yes,No,No,4,4,4,4,5,5,5,5,5,5,3,5,4,4,4,4,4,4,4,3,5,3,4,3,4,4,4,4,4,4,4,5,5,5,4,4,4,4,4,4,4,4,4,4,4,4,4,4,4,4,-0.965602859,-0.306961941,-0.623467441,-0.025464741,-1.378215792,-1.146136657
Female,malaysia,Malaysia,18-29,Postgraduate,2,Recently employed,Yes,No,No,Yes,No,No,Yes,Yes,5,6,6,6,5,5,5,7,5,5,3,4,5,4,4,6,6,6,7,6,7,7,7,5,5,5,5,5,5,6,6,6,6,6,5,5,5,5,5,5,5,5,5,5,5,5,5,5,5,5,-0.365110993,0.642260034,0.072577005,-0.253037235,0.839954988,1.007272204
Female,Malaysia,Malaysia,18-29,Postgraduate,2,Employed (full time),Yes,No,No,No,No,No,No,No,6,7,7,7,3,7,7,4,6,6,1,2,5,3,3,3,7,4,4,4,4,7,5,1,6,4,4,7,5,4,5,4,6,6,4,4,4,4,4,4,4,5,5,6,3,6,6,6,1,3,-0.293452267,0.250220733,1.120041906,-2.540316668,-0.241870913,0.625078684
Male,Malaysian,Malaysia,18-29,Postgraduate,3,Employed (full time),,No,No,Yes,No,No,Yes,No,4,5,5,6,5,5,5,5,5,5,2,4,7,3,3,5,7,7,7,5,5,1,7,1,4,5,3,4,4,4,4,4,4,5,5,5,5,5,5,5,5,4,4,5,5,5,5,6,6,6,0.116704749,-1.080133009,-0.380463027,0.276663616,0.800916436,-1.190085163
Female,Malaysia,Malaysia,30-39,Postgraduate,2,Employed (part time),,Yes,No,Yes,Yes,No,Yes,Yes,6,6,6,5,4,5,4,4,5,5,4,5,6,5,5,5,4,5,5,5,6,4,4,4,5,5,4,5,5,4,4,4,5,5,5,5,5,4,5,5,4,4,5,6,6,7,5,4,5,5,0.290889112,-1.131237988,-0.473604068,0.498856467,-0.133960501,0.491132879
Female,malaysia,Malaysia,18-29,Postgraduate,3,Never worked,No,No,No,Yes,Yes,Yes,Yes,Yes,3,5,5,5,4,4,4,4,4,4,5,4,5,4,4,4,4,4,4,4,4,5,5,5,4,4,5,4,4,4,4,4,4,5,4,4,4,4,4,4,5,5,4,5,5,5,5,5,5,5,-0.069028476,-0.841952206,-1.292701577,-0.077559104,-1.032931105,0.931001071
Female,Scottish,Scotland,18-29,Graduate,2,Employed (part time),No,No,Yes,Yes,No,Yes,Yes,Yes,4,5,4,5,4,4,2,7,7,5,2,5,6,4,5,6,4,7,7,5,4,4,5,4,6,7,6,4,5,5,5,5,3,5,6,7,7,5,5,4,6,5,7,7,6,6,6,7,7,7,1.416552029,-0.353697227,-1.052078045,0.760649978,-0.630327297,-0.647316923
Female,Malaysian,Malaysia,40-49,Postgraduate,2,Employed (full time),,No,Yes,Yes,No,Yes,No,No,5,5,4,5,4,5,5,3,5,5,2,4,6,4,4,4,7,4,6,5,5,4,5,1,4,5,5,2,6,6,4,6,7,7,3,4,5,5,3,4,5,4,4,5,5,5,5,5,5,4,-0.095690689,0.20903348,-0.951952575,-1.105013221,0.818051677,-0.895379947
Prefer not to say,Scottish,Scotland,30-39,College,1,Unemployed,No,No,No,No,No,No,Yes,No,5,6,6,6,5,6,4,6,7,4,2,4,5,2,4,5,3,6,5,2,5,4,4,2,4,5,4,2,3,6,3,5,7,7,2,3,5,3,3,5,4,6,6,7,4,7,4,5,5,2,0.489119186,-1.168412795,0.238419569,-1.284223923,0.260744706,-1.71493053
Male,MALAYSIA,Malaysia,18-29,Graduate,3,Employed (part time),No,No,No,No,Yes,No,Yes,Yes,5,5,5,5,5,5,5,5,5,5,3,4,5,1,4,4,4,5,5,1,5,5,5,5,5,6,6,5,5,5,4,6,6,5,5,5,6,5,5,5,5,5,5,5,5,5,6,6,6,4,0.444841495,0.593555939,-0.468779982,-0.799895769,-1.437375748,0.12373699
Male,Malaysia,Malaysia,18-29,Graduate,2,Employed (full time),Yes,No,No,Yes,Yes,No,Yes,No,7,5,7,7,7,7,7,5,5,5,1,7,7,4,7,7,7,7,7,7,7,4,4,5,5,7,2,4,4,7,3,4,7,7,4,3,3,3,2,4,4,7,7,3,3,4,4,4,5,3,-1.466197129,-0.863954431,1.006088805,0.3514721,3.377893575,-0.466981038
Female,Malaysia,Malaysia,18-29,College,2,Employed (part time),No,No,No,Yes,Yes,Yes,Yes,Yes,6,6,6,4,5,5,5,5,5,5,2,5,6,3,5,5,4,5,4,5,4,5,5,5,5,5,4,5,5,5,5,5,5,5,5,5,5,4,5,4,4,4,4,4,4,4,4,4,4,4,-1.094035827,0.352756212,0.029041429,-0.29833967,-0.687730555,0.55284929
Female,British,Scotland,18-29,Graduate,1,Employed (part time),,No,Yes,Yes,No,Yes,Yes,No,6,5,2,5,6,5,6,5,5,5,2,3,6,4,5,4,5,5,5,6,6,5,5,3,5,5,4,6,5,6,5,6,5,6,5,4,5,3,5,5,4,5,5,6,6,6,5,5,5,5,0.179973142,0.494967255,-0.497209744,-1.077277328,0.309465402,-0.296848653
Female,Malaysian,Malaysia,18-29,Graduate,3,Employed (part time),No,No,Yes,Yes,Yes,Yes,Yes,Yes,5,7,7,6,6,4,4,6,6,6,6,4,6,5,7,7,5,6,6,5,5,6,7,5,6,7,6,6,5,7,6,6,6,6,6,6,5,5,5,5,6,5,7,6,7,5,5,5,6,6,0.185360244,0.878427176,0.051733251,0.727955754,0.189271748,0.521128341
Female,Scottish/Lebanese,Scotland,18-29,Graduate,4,Employed (part time),,Yes,Yes,Yes,Yes,Yes,Yes,Yes,5,4,4,5,6,6,6,7,7,7,3,5,5,6,5,7,4,7,6,5,4,3,7,2,4,6,5,5,5,7,6,5,6,7,5,4,4,2,3,5,5,7,6,7,6,7,7,5,7,6,0.781853658,0.203012401,0.122621401,-0.137014535,0.47897632,-2.63149545
Male,Malaysian,Malaysia,18-29,College,2,Employed (part time),Yes,No,No,Yes,Yes,No,No,No,4,4,4,4,4,4,4,4,4,4,4,4,4,3,4,5,4,5,5,3,4,3,5,3,4,4,4,4,4,4,4,4,4,4,4,4,4,4,4,4,4,4,4,4,4,4,4,4,4,4,-1.093277751,-0.443537504,-1.38185364,0.287098632,-0.990560621,-0.695834604
Female,Scottish,Scotland,18-29,Secondary,1,Employed (part time),,No,Yes,Yes,No,No,No,No,6,4,4,6,3,6,4,6,7,6,1,2,7,1,1,5,7,5,4,7,6,3,6,2,4,3,3,4,3,4,4,4,6,6,5,6,5,3,5,5,5,5,6,5,5,6,5,4,6,2,1.060660028,-1.081158399,0.187857421,-2.215788145,0.340828523,-1.296502118
Female,Bulgarian,Scotland,18-29,Secondary,2,Recently employed,Yes,No,Yes,Yes,Yes,Yes,Yes,Yes,4,3,4,3,6,6,4,3,6,4,6,4,6,4,5,7,5,6,7,5,4,3,6,4,5,6,4,7,3,7,5,7,5,6,5,4,4,3,4,5,5,6,5,5,5,3,4,5,7,4,-0.638400767,1.223773712,-1.53687318,0.028705906,0.799422641,-1.477075752
Prefer not to say,Malaysia,Malaysia,18-29,College,2,Employed (part time),No,No,Yes,Yes,Yes,Yes,Yes,Yes,4,4,4,4,4,4,4,4,5,4,2,2,4,1,1,2,3,4,5,4,4,4,4,4,4,4,4,4,4,4,4,4,4,4,4,4,4,4,4,4,4,4,4,4,4,4,4,4,5,3,-0.451603116,-0.220422677,-1.210436533,-1.807067563,-1.582200065,0.134955649
Female,malay,Malaysia,18-29,Graduate,3,Employed (full time),,No,Yes,Yes,No,Yes,Yes,Yes,5,5,5,5,6,5,5,6,5,5,3,4,6,5,5,6,6,6,5,3,5,3,5,3,4,5,5,5,5,5,5,5,5,5,5,5,5,5,5,5,5,5,5,6,6,6,4,5,6,6,0.197619186,-0.25802978,-0.231453253,0.437447012,-0.231806654,-0.777932325
Male,Malaysian ,Malaysia,40-49,College,2,Employed (full time),No,Yes,No,Yes,Yes,No,Yes,Yes,6,6,6,6,6,6,6,6,6,6,2,4,6,5,6,6,4,6,5,5,6,3,5,3,5,6,5,6,6,6,6,6,6,6,3,4,6,5,6,5,6,6,5,6,6,6,5,6,6,6,0.370656434,0.630676497,0.494409351,-0.090974472,-0.140395101,-0.896665739
Male,Malaysian,Malaysia,18-29,Postgraduate,2,Employed (part time),Yes,No,Yes,Yes,No,Yes,Yes,Yes,7,7,7,7,7,7,7,7,7,7,7,7,6,6,7,5,6,7,5,6,6,6,6,5,4,4,6,6,6,5,6,6,6,6,7,5,7,6,7,7,7,7,7,6,7,4,7,7,7,7,1.435176023,-0.626880625,1.752430808,1.391974375,-0.652776476,0.876981419
Female,malaysian,Malaysia,18-29,Graduate,2,Employed (part time),No,No,Yes,Yes,Yes,Yes,Yes,Yes,6,6,5,7,5,5,5,6,6,6,4,5,5,5,4,6,6,5,5,5,5,4,6,6,6,5,6,6,5,5,5,5,6,6,5,5,6,5,6,5,4,5,6,4,5,4,4,5,5,5,-0.48431293,0.487820688,0.488237944,0.337486151,-0.637501338,0.232315602
Female,Malaysian,Malaysia,18-29,College,2,Never worked,,Yes,Yes,Yes,No,Yes,Yes,Yes,7,7,7,7,7,7,7,7,7,7,1,4,5,5,4,7,5,7,7,3,7,2,7,1,7,6,6,7,7,6,6,6,5,7,5,5,5,6,5,5,5,6,5,5,5,5,5,6,5,6,-0.605594283,1.610122764,1.754316359,0.137071002,-0.103801431,-1.95811432
Female,Malaysia ,Malaysia,18-29,College,3,Employed (part time),Yes,Yes,Yes,Yes,Yes,Yes,Yes,Yes,6,6,6,6,7,7,6,6,6,5,5,4,5,5,6,6,6,6,7,4,6,5,6,4,3,2,3,5,5,5,5,5,6,6,6,6,6,4,5,4,5,5,6,4,5,4,4,4,5,6,-0.490997514,-0.526491535,1.068225203,0.724411618,-0.015963289,-0.029170762
Female,Malaysian,Malaysia,18-29,Graduate,2,Employed (part time),Yes,Yes,Yes,Yes,Yes,Yes,Yes,Yes,7,7,7,7,7,7,7,7,5,5,4,4,7,4,4,7,7,7,7,7,5,5,7,7,7,5,5,5,5,5,5,5,7,7,5,7,5,5,5,7,7,5,7,5,7,5,5,5,7,5,0.612857148,-0.004406312,1.32688479,-0.122016622,0.827533213,1.386081442
Male,Malaysia,Malaysia,18-29,College,2,Employed (part time),No,Yes,Yes,Yes,Yes,Yes,Yes,Yes,5,6,5,6,5,6,5,5,5,5,4,5,7,5,6,7,5,5,5,4,5,6,5,6,6,5,5,5,5,5,5,6,5,6,5,5,5,5,5,6,6,6,5,6,6,6,5,6,5,5,0.432027208,-0.008425205,-0.200038011,0.414756411,-0.229873974,0.911433934
Male,Malaysia,Malaysia,18-29,College,3,Recently employed,Yes,Yes,Yes,Yes,Yes,No,Yes,Yes,4,5,5,3,4,6,5,5,5,5,2,4,5,3,5,6,5,5,1,5,5,3,5,5,5,5,5,5,5,5,5,5,5,5,5,4,4,4,5,5,4,7,4,5,5,5,5,5,5,5,-0.017519711,0.429182558,-0.607722425,-0.6892967,-1.141980356,-0.539547972
Female,Malaysian,Malaysia,18-29,College,2,Never worked,,Yes,Yes,Yes,Yes,Yes,Yes,Yes,7,4,4,6,5,5,5,5,5,5,2,4,7,6,6,6,7,7,7,5,5,4,6,3,1,4,4,7,6,5,4,5,6,5,4,6,6,6,3,5,5,5,6,6,6,6,5,6,5,5,0.424487441,-0.762522404,-0.37505734,0.369680127,1.520808157,-0.550730254
Female,Malaysia,Malaysia,18-29,Graduate,2,Never worked,,Yes,Yes,Yes,No,Yes,Yes,Yes,5,5,6,4,5,5,5,6,5,5,3,4,6,3,4,5,5,5,6,3,5,6,5,3,5,4,4,5,5,5,6,6,5,7,5,5,5,5,5,5,5,6,5,5,5,5,5,5,6,5,0.332597918,0.428123787,-0.361814843,-0.774506442,-0.370589767,-0.063532688
Female,Malaysia,Malaysia,18-29,College,2,Employed (part time),,Yes,Yes,Yes,Yes,Yes,Yes,Yes,6,6,6,6,6,6,6,6,6,6,1,4,6,5,5,5,6,7,5,6,5,5,5,4,4,6,6,6,6,7,6,5,6,7,5,6,7,5,7,7,7,7,7,6,6,6,6,5,6,6,1.350661765,0.680393951,0.581989526,-0.569196231,-0.394063044,0.040458906
Female,Malaysia ,Malaysia,18-29,Graduate,2,Employed (part time),,Yes,Yes,Yes,Yes,No,Yes,Yes,6,6,7,6,7,7,7,7,5,5,1,5,7,6,6,7,7,7,6,1,7,6,7,1,6,7,7,7,6,7,7,6,6,7,7,7,6,6,6,5,6,6,6,6,6,6,6,6,7,6,0.366516889,1.638050695,0.8291348,0.618106259,0.235332772,-0.539032474
Female,Malaysian,Malaysia,18-29,College,2,Employed (part time),Yes,No,Yes,Yes,No,No,Yes,Yes,5,5,5,5,5,5,5,4,4,4,3,4,5,4,4,4,4,4,5,4,5,4,5,4,5,5,4,4,5,6,6,5,7,7,6,6,5,5,5,5,5,6,6,6,5,6,6,5,6,5,1.09490446,0.328725729,-0.877447199,-0.943652866,-1.12234863,0.401596043
Female,Malaysian,Malaysia,18-29,College,2,Employed (part time),Yes,Yes,No,Yes,Yes,Yes,Yes,Yes,6,6,7,6,6,6,6,6,6,6,2,5,5,4,4,5,5,5,5,5,5,5,5,4,5,5,5,5,5,5,5,5,6,6,5,5,6,4,5,5,6,5,6,6,5,5,4,5,4,5,0.03740971,0.002927791,0.993040775,-0.463384781,-0.648602569,0.195379118
Female,Malaysian,Malaysia,18-29,College,3,Employed (part time),Yes,Yes,Yes,Yes,No,Yes,Yes,Yes,5,7,6,6,7,6,7,7,6,6,6,5,7,5,5,7,7,6,4,6,7,4,4,5,5,6,6,6,4,4,4,6,7,6,6,5,5,5,6,6,6,5,6,7,6,5,4,7,6,7,0.651032601,-0.523158119,0.952625718,0.770016205,0.328233558,0.017952884
Female,Malaysian,Malaysia,18-29,College,2,Employed (part time),,Yes,No,Yes,No,Yes,Yes,Yes,6,6,6,6,5,5,5,4,4,4,3,4,4,5,5,5,4,5,5,5,5,5,6,5,5,7,4,5,4,4,4,4,4,3,5,4,4,4,4,4,4,4,4,4,5,5,5,5,5,5,-0.928330806,-0.888167822,-0.161963628,0.702731677,-0.325821499,1.600944041
Male,Malaysia,Malaysia,18-29,Postgraduate,2,Employed (part time),No,Yes,Yes,Yes,Yes,No,Yes,Yes,5,5,6,7,6,5,5,5,5,5,3,5,6,4,5,5,4,4,5,4,5,4,5,5,5,6,5,5,5,5,5,5,5,5,5,5,5,4,5,4,5,6,6,5,4,5,5,4,5,5,-0.266015325,0.073909255,0.049350004,0.003699042,-0.728238809,0.464461871
Female,Malaysia,Malaysia,18-29,Postgraduate,3,Never worked,,Yes,Yes,Yes,No,Yes,Yes,No,5,5,2,4,6,6,5,6,5,4,2,3,4,4,5,5,5,5,4,4,3,3,4,4,3,3,4,5,5,5,4,4,5,5,4,4,4,4,3,3,3,5,4,4,4,4,3,3,4,4,-1.404109025,0.013641101,-0.225668062,-0.536694023,-0.951683907,-1.164077309
Female,Malaysian,Malaysia,18-29,Graduate,2,Recently employed,Yes,Yes,Yes,Yes,Yes,Yes,Yes,Yes,5,3,5,5,4,4,4,5,4,4,3,3,6,4,4,4,4,5,7,6,4,7,7,3,7,7,7,7,7,7,7,7,7,5,5,5,5,5,4,4,5,5,4,4,4,4,4,5,5,6,-1.141465384,3.162283721,-1.607960326,-0.972909501,0.120394322,0.671335247
Prefer not to say,Malaysia,Malaysia,18-29,Graduate,3,Employed (full time),No,Yes,Yes,Yes,Yes,Yes,Yes,Yes,4,4,4,4,4,4,4,4,4,4,1,6,5,5,5,5,4,4,4,3,7,4,6,4,4,6,6,5,5,6,4,5,4,7,5,5,5,5,5,5,5,5,5,5,5,5,7,6,5,7,0.360627653,0.289755647,-1.758508769,0.588151403,-0.835281403,-0.125378299
Female,Malaysian,Malaysia,18-29,College,2,Employed (part time),Yes,Yes,Yes,Yes,Yes,Yes,Yes,Yes,5,4,4,5,4,4,4,3,3,3,5,5,5,5,5,5,3,4,5,3,6,4,3,4,2,4,5,4,6,5,4,5,7,7,4,4,4,4,4,4,4,5,5,7,5,6,5,5,7,6,0.649857112,-0.705579724,-2.017545473,0.095480488,0.025702204,0.099939339
Male,Malaysian,Malaysia,18-29,Graduate,2,Employed (part time),Yes,No,Yes,Yes,No,Yes,Yes,Yes,4,5,4,6,6,6,5,6,7,5,2,5,6,4,6,6,6,6,6,6,5,6,6,4,5,5,5,5,5,6,5,6,5,5,5,4,5,5,4,5,5,5,5,5,4,5,5,5,5,5,-0.569483269,0.4214921,0.055503916,0.060180574,0.57441155,-0.188006214
Female,Malaysia,Malaysia,18-29,College,2,Employed (part time),No,Yes,Yes,Yes,No,No,Yes,Yes,6,6,6,6,6,6,6,6,6,6,2,6,7,4,5,5,5,5,5,4,5,5,5,5,5,5,5,5,5,6,5,5,5,5,5,5,5,5,5,5,5,5,5,5,5,5,4,5,5,5,-0.37826848,0.023769189,0.835336751,0.07378589,-0.392427019,0.387899849
Male,Malaysian,Malaysia,18-29,Graduate,2,Never worked,Yes,Yes,Yes,Yes,No,No,Yes,Yes,4,6,7,7,7,7,7,7,7,7,1,7,6,4,7,7,7,7,7,7,7,6,5,5,5,5,5,5,5,5,6,5,5,5,5,5,5,2,5,5,5,6,5,6,6,5,5,6,5,5,-0.473956139,-0.339927335,1.404618384,0.527722603,1.712111466,0.023970611
Female,Malaysian ,Malaysia,18-29,Postgraduate,3,Never worked,No,Yes,Yes,Yes,Yes,Yes,Yes,Yes,5,4,4,4,7,6,4,5,4,5,2,4,6,4,4,7,4,4,6,4,6,5,4,4,6,6,7,5,5,6,4,4,5,5,5,4,4,4,6,6,4,5,6,5,4,5,6,6,5,4,-0.242662532,0.549367542,-0.793162622,-0.031384269,-0.332445467,0.098435385
Female,Malaysia,Malaysia,18-29,College,2,Recently employed,Yes,No,No,No,No,No,Yes,Yes,4,5,6,4,6,7,6,6,4,3,4,4,7,3,5,5,6,7,4,6,5,6,5,5,6,6,6,5,6,6,6,4,6,7,7,7,7,7,7,7,7,7,7,7,7,7,7,7,7,7,2.437857382,0.425301816,-0.516720208,-0.323713759,-1.180300259,1.401316908
Male,Malaysian,Malaysia,18-29,College,3,Recently employed,Yes,No,No,Yes,No,No,Yes,Yes,5,5,7,4,5,4,5,7,6,6,2,5,5,2,7,5,4,4,4,3,5,5,6,4,5,6,5,5,5,5,4,5,5,7,4,4,4,4,5,4,4,5,7,5,4,7,6,5,7,5,0.430445415,-0.230884661,0.004208325,-0.510526515,-0.361646328,-0.553434693
Male,Scottish British ,Scotland,18-29,College,1,Employed (part time),,Yes,Yes,Yes,Yes,Yes,Yes,Yes,6,6,6,5,5,5,5,4,5,4,5,6,7,5,5,6,6,7,7,6,6,5,6,2,5,4,4,5,5,6,5,5,6,5,4,5,5,4,4,4,5,5,6,5,4,4,4,5,5,6,-0.820263761,-0.130996415,-0.49409332,0.852986863,1.838641633,-0.118592123
Female,British ,Scotland,40-49,Graduate,5+,Recently employed,No,No,No,No,Yes,No,Yes,Yes,7,6,7,7,7,6,5,7,6,5,5,6,6,5,7,7,7,7,7,5,6,3,6,5,6,6,6,5,5,6,5,6,7,6,6,6,6,5,6,6,5,7,6,7,7,7,5,7,7,6,1.106143958,-0.388808068,0.769122106,1.087918391,0.854239214,0.066420936
Male,Polish,Scotland,18-29,Graduate,2,Employed (part time),,Yes,No,Yes,Yes,No,Yes,No,6,5,7,7,3,7,7,3,4,4,4,5,7,7,5,5,4,5,5,4,2,3,4,7,6,6,7,6,5,7,7,6,5,7,6,6,7,7,5,7,7,7,7,6,6,7,7,6,5,6,1.747545154,0.941934268,-0.411731968,-0.265586619,-2.075399532,1.667221122
Female,Georgian,Scotland,18-29,Graduate,4,Never worked,,No,Yes,Yes,No,Yes,Yes,Yes,7,7,7,7,7,7,7,7,7,7,1,6,6,7,7,7,7,5,6,6,6,6,7,4,6,7,5,5,6,6,6,6,6,6,6,7,7,7,7,7,7,7,7,7,7,7,7,7,7,7,1.866211754,-0.271688925,1.789113423,0.800165969,-0.30199923,0.827488358
Female,Scottish ,Scotland,18-29,College,2,Recently employed,Yes,No,No,Yes,Yes,No,Yes,Yes,7,4,5,6,6,6,4,7,7,5,1,4,6,5,6,5,5,5,3,5,6,4,3,3,4,4,4,3,3,4,4,3,2,4,3,5,5,5,3,3,5,7,7,7,5,5,4,6,5,5,0.636130908,-2.654348412,0.753007733,0.280411407,-0.450031482,-0.488480129
Female,Italian,Scotland,18-29,Graduate,4,Employed (part time),No,No,Yes,Yes,Yes,Yes,Yes,Yes,5,4,4,5,3,4,5,3,4,6,3,4,5,5,5,6,7,7,6,5,5,4,5,2,4,6,4,7,7,7,7,5,6,7,3,2,4,1,6,5,6,6,7,4,7,4,5,6,6,4,-0.26294504,1.472429807,-1.666174789,-0.614284478,1.86069542,-1.624724664
Female,Sudia ,Scotland,18-29,College,2,Never worked,,No,No,Yes,No,No,Yes,No,4,5,5,6,5,6,6,4,4,4,5,6,6,6,7,7,7,5,5,5,6,7,6,2,7,7,7,6,6,6,6,5,6,5,5,4,6,3,4,4,6,6,5,7,5,3,3,5,6,4,-1.194220854,1.276161284,-0.733778419,1.102655515,1.086645431,-0.089912971
Female,Scottish ,Scotland,30-39,College,1,Employed (full time),,No,No,Yes,Yes,Yes,Yes,No,5,5,3,5,3,6,6,6,7,6,3,4,6,7,7,7,5,6,7,4,7,2,6,1,5,7,5,6,5,5,4,6,6,6,7,6,7,7,6,6,6,7,7,7,6,6,5,7,6,7,1.493231274,-0.053678907,-0.448336759,1.545525225,-0.400315619,-2.547865099
Female,Scottish ,Scotland,18-29,College,1,Employed (part time),,No,Yes,Yes,Yes,Yes,No,No,4,6,5,6,7,6,6,7,7,7,2,3,5,1,5,2,5,6,5,5,6,3,5,1,6,4,6,5,4,5,5,6,6,7,6,5,5,3,6,6,5,5,6,4,4,3,6,6,6,2,0.182868384,0.824042637,0.903042581,-1.586602316,-0.866973923,-1.90367511
Male,Azerbaijan,Scotland,18-29,College,4,Recently employed,No,No,Yes,Yes,Yes,Yes,No,No,3,4,4,4,3,3,4,4,4,4,3,2,4,6,6,3,4,4,3,6,4,4,3,5,4,6,4,5,4,4,5,6,5,4,5,4,5,5,5,3,5,2,5,7,5,3,5,4,6,4,0.023507646,-0.188805591,-1.973868282,-0.396709116,-1.305181163,0.686701586
Female,British ,Scotland,18-29,Graduate,1,Employed (part time),,No,No,Yes,No,No,No,No,5,6,5,5,3,6,5,3,6,6,1,2,7,1,1,3,7,5,5,7,3,4,7,5,4,6,4,3,4,3,3,5,5,4,4,6,5,2,3,4,5,5,6,7,5,3,5,5,6,2,0.605821057,-0.994785518,-0.158038105,-2.556309264,0.796213011,0.343440796
Female,Scottish,Scotland,30-39,College,1,Employed (part time),,No,Yes,Yes,Yes,No,Yes,No,7,6,6,6,6,6,6,6,6,6,1,1,7,5,2,5,5,6,7,7,7,5,1,5,3,5,2,6,1,3,1,4,3,6,5,2,6,3,4,3,4,7,7,7,3,2,3,5,5,3,0.083913531,-2.80149601,1.103056441,-1.020355535,1.682966777,0.327827253
Male,Scottish ,Scotland,18-29,Graduate,1,Employed (part time),No,No,No,Yes,Yes,Yes,Yes,No,5,5,4,6,7,7,6,7,6,7,1,3,5,4,6,5,5,5,5,5,4,5,4,1,6,5,6,5,5,6,5,6,5,5,4,6,7,2,6,2,6,3,6,7,7,6,6,4,6,6,0.412780233,0.570610849,0.769357382,-0.919895184,-1.112406289,-1.019753552
Male,Scottish,Scotland,18-29,Graduate,1,Employed (full time),No,Yes,No,Yes,No,Yes,Yes,Yes,5,3,4,5,4,5,3,4,6,3,6,4,5,5,6,5,5,6,7,5,5,2,6,3,5,5,4,6,4,5,6,5,5,6,5,6,5,5,6,5,5,6,5,6,3,4,4,4,5,5,-0.350708141,0.420362612,-1.492139502,0.971378774,-0.255971869,-1.144114175
Female,Malaysian,Malaysia,18-29,College,4,Never worked,No,No,No,Yes,No,No,Yes,Yes,5,6,6,7,6,6,6,5,5,5,2,5,6,2,4,6,5,6,6,5,6,6,6,5,5,7,6,6,6,6,6,6,6,6,6,5,5,5,4,4,6,6,4,6,4,4,4,5,5,5,-0.805298207,1.539424162,0.302064244,-0.549968025,0.37285977,0.642256022
Female,Scottish,Scotland,18-29,Graduate,1,Employed (part time),No,No,No,Yes,Yes,No,No,No,5,5,6,6,4,6,6,3,5,5,3,4,5,3,4,3,7,4,4,5,5,5,5,5,3,5,3,5,5,5,3,3,3,5,4,3,4,4,4,4,5,7,7,6,4,6,5,5,5,4,0.476654241,-1.545142576,-0.035329208,-1.084443625,0.183620843,0.999076003
Female,Malaysian,Malaysia,30-39,Graduate,1,Employed (full time),Yes,Yes,Yes,Yes,Yes,Yes,No,No,6,6,7,7,6,6,6,5,5,5,3,3,4,4,4,4,4,5,4,4,5,4,3,3,5,5,4,5,4,4,4,5,5,6,4,6,4,5,5,4,5,5,6,4,4,5,5,4,4,5,-0.167059535,-0.457899094,0.870845267,-0.587074644,-1.601710852,0.326169449
Male,Scottish,Scotland,18-29,Graduate,1,Employed (part time),No,No,Yes,Yes,Yes,Yes,Yes,No,3,7,7,5,5,5,5,7,7,7,4,5,4,2,6,6,6,7,6,3,7,3,7,1,3,7,4,5,4,4,2,4,5,6,5,5,5,3,4,4,6,6,6,7,6,5,6,4,6,3,0.316319274,-1.368360088,0.560209073,0.719744004,0.652846265,-2.674578205
Female,Scottish ,Scotland,18-29,Secondary,1,Employed (part time),No,No,Yes,Yes,No,Yes,Yes,No,6,7,4,5,5,5,5,4,4,4,3,4,6,4,4,6,6,6,5,5,6,4,5,4,5,6,5,5,6,5,4,4,6,5,5,5,5,3,4,5,5,5,5,5,4,4,4,5,4,4,-0.86343676,0.290378051,-0.538452476,0.091383276,0.717597964,-0.073068914
Male,Pakistani ,Scotland,18-29,Graduate,2,Employed (part time),No,No,Yes,Yes,Yes,Yes,Yes,Yes,6,6,5,5,4,4,5,5,4,5,1,4,6,4,7,7,4,7,7,3,7,4,6,4,6,7,7,7,5,5,5,5,6,5,6,4,5,3,6,5,4,4,6,6,6,6,7,5,6,6,-0.01540495,0.654432802,-1.049853446,0.681328216,1.172507516,-0.147741011
Female,Malaysian,Malaysia,18-29,Postgraduate,3,Employed (part time),,No,Yes,Yes,Yes,No,Yes,Yes,7,7,7,7,7,7,7,5,5,5,2,4,7,4,6,6,6,7,6,6,6,3,5,4,4,7,7,6,6,6,6,6,7,7,5,4,6,4,4,6,6,5,5,6,2,6,6,6,5,5,-0.268043752,1.030269511,0.900283239,-0.522174451,1.327968855,0.005841219
Female,Malaysian,Malaysia,30-39,Graduate,1,Employed (full time),Yes,Yes,Yes,Yes,Yes,Yes,No,No,6,6,7,7,6,6,6,5,5,5,3,3,4,4,4,4,4,5,4,4,5,4,3,3,5,5,4,5,4,4,4,5,5,6,4,6,4,5,5,4,5,5,6,4,4,5,5,4,4,5,-0.167059535,-0.457899094,0.870845267,-0.587074644,-1.601710852,0.326169449
Male,German,Scotland,18-29,College,3,Recently employed,Yes,No,Yes,Yes,Yes,Yes,No,No,5,6,4,3,6,5,5,5,6,6,1,3,7,3,3,5,5,5,6,3,4,2,5,4,5,5,4,7,6,5,5,6,6,7,6,6,6,4,5,6,5,6,7,5,7,6,6,7,5,6,1.391369285,1.00049129,-0.505940819,-1.527948183,-0.692028644,-1.3399016
Female,Scottish,Scotland,18-29,Graduate,1,Employed (part time),No,No,Yes,Yes,Yes,Yes,Yes,No,7,7,7,7,6,6,7,7,7,6,2,5,6,5,5,6,6,7,5,6,6,6,5,1,3,6,4,6,6,6,4,4,2,7,5,5,6,1,5,5,5,5,5,5,5,5,4,5,5,5,-0.637623927,-0.647778465,1.771511172,0.349978654,0.82330777,-0.793207761
Female,British ,Scotland,18-29,Graduate,1,Employed (part time),,No,No,Yes,Yes,Yes,No,No,5,4,6,5,4,4,4,7,5,4,2,5,7,5,4,4,6,5,4,5,3,5,3,1,3,1,1,4,4,6,4,5,4,4,1,3,4,7,4,6,4,3,5,6,6,3,4,3,7,6,0.043306017,-1.956508601,-0.462603947,-0.293172231,0.220058151,0.078087293
Female,British,Scotland,40-49,Postgraduate,1,Employed (full time),,Yes,No,Yes,Yes,No,Yes,Yes,7,5,5,7,7,7,7,7,7,7,7,7,7,7,7,7,4,7,4,2,7,1,5,4,7,7,6,4,7,6,7,7,7,7,7,7,7,7,7,7,7,7,7,7,7,7,7,7,7,7,1.967557145,0.598066167,1.03117877,1.953254778,-2.065713173,-1.899205267
Male,British,Scotland,18-29,College,1,Employed (part time),No,No,No,Yes,Yes,No,Yes,No,3,2,3,3,3,2,3,4,5,4,3,5,5,2,6,4,4,5,4,2,7,1,5,5,5,4,4,5,4,4,5,5,5,4,5,4,4,4,2,3,5,5,6,5,3,5,4,3,5,2,-0.687315915,0.179625707,-2.622370851,0.008913048,-0.173042879,-2.033980652
Male,Scottish ,Scotland,18-29,College,1,Employed (part time),,No,No,No,Yes,No,No,No,7,4,5,6,3,4,5,5,5,5,1,4,7,1,4,4,7,7,7,5,5,3,5,1,3,4,4,5,4,3,4,6,6,7,6,6,4,1,4,7,6,7,5,7,7,7,5,4,7,5,1.711772972,-1.183973093,-0.758013304,-1.437398732,1.878597017,-1.205465421
Female,Scottish,Scotland,18-29,College,1,Employed (part time),No,No,No,Yes,No,No,No,No,4,5,6,4,4,2,7,7,7,7,1,1,7,5,3,4,7,6,7,5,5,4,3,1,5,7,5,6,4,6,7,5,5,7,4,5,7,3,3,5,6,5,7,7,6,7,7,7,6,4,1.660092952,0.429788694,-0.517943025,-2.126150599,0.952768416,-1.863938594
Male,British ,Scotland,18-29,College,1,Employed (part time),,No,Yes,Yes,Yes,No,Yes,No,6,5,7,4,5,4,6,3,4,7,2,7,7,5,6,7,5,7,7,4,7,4,5,5,6,7,6,5,6,5,5,7,6,7,5,6,4,7,4,6,4,5,7,6,7,7,7,4,7,4,0.726889545,0.329296614,-0.868863933,0.531487565,1.383868939,-0.09953525
Male,Malaysia,Malaysia,18-29,Graduate,2,Recently employed,Yes,Yes,No,Yes,Yes,No,Yes,Yes,6,6,7,6,5,5,5,5,5,6,3,4,4,3,3,5,5,5,5,5,5,5,5,3,3,5,5,5,5,5,5,5,3,5,5,5,3,3,4,4,4,5,5,3,3,3,3,3,5,5,-1.609001437,0.151052353,0.561043613,-0.418583774,-0.295848756,0.173613331
Male,Scottish,Scotland,18-29,College,1,Employed (full time),,No,No,Yes,Yes,No,Yes,No,6,5,5,5,6,6,5,6,6,6,3,5,6,5,5,5,6,5,6,7,6,5,5,5,4,5,4,5,5,4,5,4,4,6,4,4,5,5,5,5,5,4,5,5,6,5,5,5,5,5,-0.155945232,-0.922580906,0.369553883,0.377197799,0.37944754,0.44886562
Female,Malaysian,Malaysia,18-29,College,2,Never worked,No,No,Yes,Yes,No,Yes,Yes,Yes,4,4,4,4,5,5,5,6,5,5,4,4,4,4,4,7,4,4,4,4,4,4,4,4,4,4,4,4,4,4,4,4,4,4,4,4,4,4,4,4,4,4,4,4,4,4,4,4,4,4,-1.165752376,-0.567643436,-0.402044927,0.365607787,-1.480433052,-0.691543043
Female,Malaysian,Malaysia,18-29,College,2,Never worked,No,No,Yes,Yes,No,No,Yes,Yes,5,4,4,4,4,4,4,4,4,5,3,4,4,3,4,4,4,4,4,5,4,4,4,5,4,5,4,4,5,4,4,4,4,4,4,4,4,4,4,4,5,4,5,4,4,4,4,5,4,4,-0.670426332,-0.451395296,-1.128544345,-0.322015788,-1.197758739,0.288555581
Female,Malaysian,Malaysia,18-29,College,2,Never worked,,No,No,Yes,No,Yes,Yes,Yes,4,4,4,4,4,4,4,4,4,4,4,5,5,4,5,5,5,5,4,4,5,4,4,4,4,4,4,4,4,4,4,4,4,4,4,4,4,4,4,4,4,4,5,4,4,4,4,4,4,5,-0.991863726,-0.795257578,-1.415128846,0.673000663,-0.400010641,-0.116121485
Male,Malaysia,Malaysia,18-29,Graduate,2,Recently employed,Yes,Yes,No,Yes,Yes,No,Yes,Yes,6,6,7,6,5,5,5,5,5,6,3,4,4,3,3,5,5,5,5,5,5,5,5,3,3,5,5,5,5,5,5,5,3,5,5,5,3,3,4,4,4,5,5,3,3,3,3,3,5,5,-1.609001437,0.151052353,0.561043613,-0.418583774,-0.295848756,0.173613331
Male,Malaysian,Malaysia,18-29,College,1,Employed (part time),Yes,Yes,Yes,Yes,Yes,Yes,No,Yes,6,6,7,3,7,7,7,6,6,7,2,1,7,1,1,7,7,7,4,7,1,2,4,2,7,6,7,5,5,6,6,6,5,6,5,5,7,5,4,4,4,4,4,4,6,5,4,3,6,4,-0.43162335,1.959277416,1.160171301,-2.529975924,-0.930520962,-1.320037493
Female,Chinese,Scotland,18-29,Graduate,2,Employed (part time),No,No,Yes,Yes,Yes,Yes,Yes,Yes,5,5,5,5,5,5,5,5,5,5,5,5,5,5,5,5,5,5,5,5,5,6,5,5,5,5,5,5,5,5,5,5,5,5,5,5,5,5,5,5,5,5,5,5,5,5,5,5,5,5,-0.141093646,-0.063115506,-0.409494492,0.448553077,-0.708697919,0.79467221
Prefer not to say,-,Malaysia,18-29,Postgraduate,3,Employed (part time),No,No,No,Yes,No,Yes,Yes,Yes,4,5,6,6,4,6,6,6,5,5,3,4,5,3,5,5,5,5,4,4,6,5,6,4,4,4,4,5,4,4,5,4,5,5,5,6,5,5,4,5,4,5,5,4,3,4,4,4,5,4,-0.738282564,-0.30741786,0.303567648,0.028524752,-0.85921768,-0.014895453
Male,Scottish ,Scotland,18-29,Secondary,1,Employed (part time),No,No,No,No,No,No,No,No,4,5,6,5,4,5,6,6,5,4,3,3,6,3,4,4,4,4,4,4,3,1,7,4,3,3,4,5,7,6,4,4,4,4,2,3,3,1,3,4,4,5,6,6,5,6,5,6,5,5,-0.150105885,-0.294755139,-0.424080869,-1.524396582,0.028115177,-0.87676844
Male,malaysia,Malaysia,18-29,College,2,Employed (part time),No,No,Yes,Yes,Yes,No,Yes,Yes,5,7,6,6,7,5,5,5,6,4,4,4,6,3,5,7,5,5,7,5,5,5,5,4,5,5,4,4,5,6,4,5,6,5,5,5,5,5,5,5,6,4,5,6,5,4,5,5,6,5,-0.137728053,-0.286170591,0.189060285,0.230083137,0.21788462,0.564522093
Male,Malaysian,Malaysia,18-29,College,2,Employed (part time),Yes,No,Yes,Yes,Yes,Yes,Yes,Yes,5,5,7,6,5,5,5,6,6,4,3,6,6,6,6,6,6,5,7,6,5,6,7,3,2,6,5,5,5,3,6,5,6,7,4,3,4,4,6,7,6,2,3,5,6,6,5,7,5,6,-0.294956365,-0.773580335,-0.088836131,1.091065757,1.259009885,0.71537426
Male,Cypriot,Scotland,18-29,Graduate,2,Employed (full time),,Yes,Yes,No,Yes,Yes,Yes,Yes,4,4,6,4,7,6,5,7,7,6,3,6,5,5,6,7,6,7,6,3,5,4,5,1,5,7,6,5,6,6,6,4,6,7,6,6,6,5,7,7,6,6,7,7,7,6,6,6,7,5,1.244676832,0.348599146,0.078414032,0.989736776,-0.693861861,-2.183105238
Female,Malay,Malaysia,18-29,Graduate,2,Unemployed,No,Yes,Yes,Yes,Yes,Yes,Yes,Yes,5,5,5,6,6,6,5,6,5,5,3,5,5,5,5,5,5,5,5,5,5,5,5,4,4,5,5,5,5,5,6,5,5,5,5,5,5,5,5,5,5,5,5,5,5,5,5,5,5,5,-0.20759055,0.000935804,0.140337058,0.214657773,-0.771236668,0.391310149
Female,Bumiputera,Malaysia,18-29,College,2,Employed (part time),Yes,No,Yes,Yes,Yes,No,Yes,Yes,7,6,7,7,7,7,7,7,7,7,4,5,7,6,6,7,7,7,7,7,6,7,7,4,4,7,7,7,7,7,7,7,7,7,7,7,7,7,7,7,7,7,7,7,7,7,7,7,7,7,1.779813929,1.047655772,1.420913739,0.254025053,0.394496258,0.710023433
Prefer not to say,Malaysia,Malaysia,18-29,College,2,Employed (part time),No,No,Yes,Yes,Yes,No,Yes,Yes,5,5,5,6,6,5,6,6,6,5,3,5,6,3,4,5,5,6,6,6,4,4,6,4,5,5,5,5,5,5,5,5,4,4,4,4,4,4,4,4,4,4,5,6,5,5,5,5,5,5,-0.624674734,-0.135362844,0.169786567,-0.315410311,0.370133513,0.001140489
Male,Malaysia,Malaysia,18-29,College,2,Employed (full time),Yes,No,No,Yes,Yes,No,Yes,Yes,6,5,6,6,6,5,6,5,7,6,1,6,7,5,6,5,6,6,5,6,6,6,6,3,5,5,5,4,6,3,4,5,6,6,5,5,4,3,2,5,5,6,5,5,3,2,5,5,6,4,-0.775085087,-0.619071969,0.540212152,0.278293382,1.597396627,-0.577593595
Female,Malaysian ,Malaysia,18-29,College,3,Employed (part time),,Yes,Yes,Yes,No,Yes,Yes,Yes,5,4,5,5,6,4,4,7,6,6,7,7,7,6,7,7,5,7,7,2,7,4,7,2,5,7,2,5,6,6,5,6,6,6,7,7,7,5,7,6,7,5,7,4,6,6,6,5,7,7,0.722838105,-0.027155928,-0.490589607,2.745601787,-0.288019567,-1.849625246
Male,Malaysia,Malaysia,18-29,Graduate,2,Employed (full time),Yes,No,No,Yes,Yes,No,Yes,Yes,7,7,7,7,7,7,7,7,7,7,1,4,7,1,5,7,7,7,7,7,7,5,7,7,7,7,7,7,7,7,7,7,7,7,7,7,7,7,7,3,4,5,5,5,4,7,3,5,6,5,-0.585708427,2.672937059,1.839917548,-1.067865243,0.685514871,0.654676149
Male,Malaysia,Malaysia,18-29,College,3,Employed (part time),Yes,No,Yes,Yes,Yes,Yes,Yes,Yes,7,6,7,6,6,6,5,6,5,6,2,5,5,2,7,7,5,6,6,6,6,5,6,6,6,6,7,6,5,7,7,7,6,7,6,6,7,6,5,6,5,7,6,6,6,6,6,7,7,6,1.03150229,1.207396365,0.445512638,-0.470213146,-0.059889504,0.917981904
Female,Malaysia,Malaysia,18-29,College,3,Unemployed,Yes,No,Yes,Yes,Yes,Yes,Yes,Yes,5,5,7,6,6,5,6,6,6,6,4,3,5,4,5,5,5,5,5,5,6,5,5,4,4,6,4,5,5,4,4,5,5,5,5,6,5,6,6,6,6,6,6,6,6,6,4,5,4,6,0.64950031,-0.68928579,0.637893448,0.145400366,-1.07178927,0.336822399
Female,Malaysia,Malaysia,18-29,Postgraduate,2,Employed (part time),No,No,No,Yes,Yes,No,Yes,Yes,7,6,7,7,7,5,6,6,7,7,4,4,7,5,6,5,5,5,5,7,5,5,6,5,5,7,4,7,7,6,5,5,6,6,5,6,4,5,4,5,5,5,5,4,5,5,4,5,4,5,-0.822042154,0.756009875,1.349246228,-0.079990633,0.135313219,0.268961978
Female,MALAYSIA,Malaysia,18-29,Postgraduate,2,Employed (part time),No,Yes,Yes,Yes,Yes,Yes,Yes,Yes,6,6,5,6,5,5,5,7,7,7,1,4,6,4,5,5,4,4,2,4,7,4,7,1,2,5,3,4,4,4,5,4,4,4,2,2,2,2,4,4,4,6,6,4,3,6,3,4,4,4,-1.155412338,-1.308164691,1.042104761,-0.373243715,0.540157242,-1.82163474
Female,Malaysian,Malaysia,18-29,Graduate,2,Never worked,,No,Yes,Yes,No,Yes,Yes,Yes,5,5,6,6,5,5,5,5,5,5,2,4,6,4,5,5,6,5,6,3,6,3,5,3,4,5,4,4,4,5,5,5,5,6,4,5,4,4,4,4,4,5,5,5,5,5,5,5,5,5,-0.248012263,-0.494045258,-0.19867259,-0.202973714,0.55865399,-0.570220484
Female,Malaysia ,Malaysia,18-29,College,2,Employed (full time),Yes,No,No,Yes,Yes,Yes,No,No,5,6,5,6,7,7,6,6,6,6,1,3,5,1,4,5,6,6,6,7,6,6,7,6,6,5,5,6,6,6,5,6,6,5,5,6,5,4,4,4,6,6,5,4,5,5,6,5,6,5,-0.179498594,1.309593424,0.770686478,-1.627881998,0.228408231,0.714631697
Female,Malaysian,Malaysia,18-29,College,2,Employed (part time),,Yes,Yes,Yes,No,Yes,Yes,Yes,5,7,7,5,6,6,6,5,4,4,3,4,5,4,4,5,5,5,5,6,6,4,6,4,3,5,5,6,5,6,5,4,4,4,4,3,4,4,5,4,4,4,4,5,5,5,5,4,4,5,-1.198583828,-0.027041535,0.248322695,-0.213480905,0.256462356,1.061379927
Female,Malaysian,Malaysia,18-29,Graduate,2,Never worked,,No,No,Yes,Yes,No,Yes,Yes,4,4,7,5,5,5,5,5,5,5,5,5,6,3,3,5,5,6,6,4,5,5,6,2,5,5,5,5,5,5,5,6,6,5,5,5,5,6,6,6,6,6,6,5,6,6,5,5,6,5,0.69605487,0.235449061,-0.568670391,-0.144799625,-0.48735515,-0.134665982
Male,Malaysian,Malaysia,18-29,College,2,Unemployed,Yes,No,Yes,Yes,No,Yes,Yes,Yes,5,5,5,5,5,4,5,6,5,5,4,6,5,5,6,6,6,6,6,2,6,5,7,5,6,5,5,5,5,5,5,3,5,5,4,5,3,5,4,6,6,4,4,4,5,5,5,4,5,4,-1.137646959,-0.076275398,-0.464109674,1.617140167,0.12649874,-0.201579676
Female,Malaysian,Malaysia,18-29,College,2,Never worked,,Yes,Yes,Yes,No,Yes,No,No,5,5,5,6,5,5,5,5,5,5,3,4,5,5,5,4,5,5,4,5,4,4,5,4,5,4,4,5,4,4,4,5,5,4,4,5,5,5,5,5,4,5,5,4,4,5,4,4,5,4,-0.417891262,-0.62705445,-0.053111862,0.010965591,-0.951203924,0.266845189
Female,Malaysian ,Malaysia,18-29,College,2,Employed (part time),Yes,No,No,Yes,Yes,Yes,Yes,Yes,5,5,6,5,4,4,4,4,4,5,3,4,4,3,3,4,4,5,3,3,4,4,4,2,3,6,3,3,3,4,4,5,4,5,4,5,4,4,4,3,4,3,3,5,4,3,3,3,4,2,-1.265150782,-0.766785117,-0.441508829,-0.355224996,-1.266811305,-0.445007754
Female,Malaysian,Malaysia,18-29,Postgraduate,2,Unemployed,,No,No,Yes,No,No,Yes,Yes,6,6,6,6,6,6,6,6,5,4,3,5,6,4,4,6,6,6,6,4,6,6,6,3,2,6,3,5,6,5,5,5,5,5,2,2,2,2,4,2,3,2,5,3,3,4,3,3,3,3,-3.098214226,0.156606547,0.642664122,-0.029696235,2.203881256,-0.218913771
Female,Bumiputera,Malaysia,18-29,Graduate,3,Never worked,No,No,Yes,Yes,Yes,Yes,Yes,Yes,5,6,7,4,5,4,3,7,6,4,1,5,7,4,6,6,7,6,7,3,7,4,5,1,5,5,5,6,7,6,6,4,5,6,5,6,4,2,4,4,4,4,6,4,4,6,5,5,6,5,-0.815836883,0.668277066,-0.581058369,0.18972331,1.932307581,-1.39752888
Female,Malaysian,Malaysia,18-29,College,2,Never worked,No,Yes,Yes,Yes,No,No,Yes,Yes,6,7,7,5,6,6,6,5,5,5,2,3,5,3,4,5,4,4,4,4,3,4,4,4,5,4,5,5,5,5,5,5,3,4,4,4,4,4,5,5,4,4,3,6,4,5,5,4,6,4,-0.532111024,-0.143058106,0.68797235,-1.092662037,-1.367006681,0.927097827
Female,Malaysia,Malaysia,18-29,College,2,Employed (part time),Yes,No,No,Yes,Yes,Yes,Yes,Yes,6,5,6,6,7,6,6,7,7,5,4,6,7,7,7,7,5,7,7,5,7,3,7,3,5,7,5,5,6,7,4,5,7,7,6,6,7,7,5,7,5,7,7,5,7,4,5,5,7,5,0.490839135,0.028487213,0.640862145,1.909762293,0.406438611,-1.573656585
Female,Malaysian,Malaysia,18-29,College,4,Employed (part time),No,Yes,No,Yes,Yes,Yes,Yes,Yes,5,5,5,5,5,5,5,5,4,4,3,4,5,5,5,5,5,5,5,3,5,3,5,3,5,5,5,5,5,5,5,5,6,5,5,5,5,5,5,5,5,5,5,5,5,5,5,5,5,5,-0.078147632,0.225939272,-0.698092053,0.223731283,-0.816645854,-0.312681454
Female,Malaysia,Malaysia,18-29,Graduate,3,Employed (part time),No,Yes,Yes,Yes,Yes,Yes,Yes,Yes,5,5,5,7,6,5,5,6,3,3,1,4,7,4,5,7,5,4,6,3,5,5,5,5,5,5,5,7,4,5,5,5,5,5,5,5,5,5,5,4,5,5,5,5,5,5,4,5,7,7,-0.279161176,0.181830591,-0.512581005,0.16950373,0.115886274,1.294121936
Female,Malaysia,Malaysia,18-29,Graduate,2,Employed (part time),,Yes,Yes,Yes,Yes,Yes,Yes,Yes,6,5,6,6,7,7,7,5,5,5,3,4,4,5,6,5,5,5,7,5,6,7,7,4,4,7,4,5,4,4,5,5,5,6,5,5,5,4,5,5,4,4,7,7,6,6,5,4,7,6,0.28211816,-0.877125484,0.685002433,0.277608567,0.391632531,1.08422898
Female,Malaysia,Malaysia,18-29,Postgraduate,2,Never worked,,Yes,No,Yes,Yes,Yes,Yes,Yes,5,5,7,4,7,6,5,6,6,6,4,5,6,5,7,7,6,7,7,4,7,5,7,5,6,4,6,5,4,7,5,6,6,5,6,5,5,5,5,7,6,6,7,7,4,6,6,5,7,5,0.566613507,0.04892703,0.033175376,0.784748009,0.949338743,-0.1148472
Female,Malaysian,Malaysia,18-29,Graduate,3,Recently employed,Yes,No,Yes,Yes,Yes,Yes,Yes,Yes,5,6,7,6,6,6,6,7,7,7,6,5,6,5,5,6,5,6,7,4,6,4,7,6,6,5,5,6,6,6,6,6,6,5,5,5,5,5,5,6,5,5,7,6,7,6,5,5,6,5,0.229852292,0.486807155,0.847573868,0.396487235,0.012743821,-0.238318866
Male,Malaysian,Malaysia,18-29,College,2,Employed (part time),No,Yes,Yes,Yes,Yes,Yes,Yes,Yes,6,6,6,7,6,6,6,7,6,6,2,5,6,5,5,6,6,6,7,6,5,6,5,4,5,5,5,7,5,5,4,5,5,5,5,5,5,5,5,5,5,5,5,4,5,5,4,6,5,5,-0.601488967,-0.12465646,1.044345622,0.36919413,0.513198792,0.482607
Male,Malaysia ,Malaysia,18-29,College,2,Employed (fixed term),No,Yes,Yes,Yes,Yes,No,Yes,Yes,4,5,5,5,5,5,5,5,5,5,4,4,4,4,4,6,4,6,6,4,5,4,6,4,4,5,5,4,5,5,5,4,5,4,5,4,5,4,5,5,5,5,5,5,5,5,5,4,5,5,-0.389481535,-0.156318842,-0.510966257,0.478892528,-0.704610312,-0.293200288
Female,Malaysian,Malaysia,18-29,Graduate,2,Employed (part time),No,Yes,Yes,Yes,Yes,Yes,Yes,Yes,7,7,7,7,6,6,6,6,6,6,2,4,7,5,7,7,6,7,7,4,7,7,7,7,4,4,5,7,7,7,7,5,5,6,6,6,7,7,7,7,7,7,7,4,4,7,4,7,7,7,0.646793312,0.648969218,1.017626474,0.677108766,0.384418234,1.556766611
Female,Nationality,Malaysia,18-29,College,2,Employed (full time),Yes,Yes,Yes,Yes,No,Yes,Yes,Yes,7,6,6,6,6,6,6,6,6,6,4,6,6,5,6,7,4,7,6,3,5,5,6,2,5,6,5,5,5,5,5,5,5,5,5,5,5,5,5,5,5,5,5,7,6,5,5,5,6,5,-0.110306612,-0.50992399,0.80066549,1.298245803,-0.03769781,-0.708014257
Female,Malaysian,Malaysia,18-29,College,2,Employed (part time),,Yes,No,Yes,Yes,No,Yes,Yes,5,5,5,5,4,5,5,3,4,4,3,4,5,4,3,4,5,5,5,4,5,6,5,5,4,6,5,4,4,5,5,5,4,4,5,5,5,5,3,4,4,5,5,5,5,5,4,5,4,4,-0.419489539,-0.18763893,-0.852427916,-0.458034563,-0.442298815,1.294947034
Female,Malaysia,Malaysia,18-29,College,2,Recently employed,Yes,Yes,Yes,Yes,Yes,No,No,Yes,5,5,5,4,5,5,5,5,3,3,2,3,5,3,3,5,5,5,5,4,4,5,5,4,2,4,5,5,4,2,2,5,4,5,5,5,5,4,5,5,5,3,4,4,4,4,4,2,4,4,-0.867757313,-0.822957573,-0.637302544,-0.165403698,-0.755862024,0.839015303
Female,Malaysian,Malaysia,18-29,Postgraduate,2,Employed (part time),Yes,Yes,Yes,Yes,Yes,Yes,Yes,Yes,5,4,4,5,5,5,5,4,4,4,1,3,4,3,4,5,4,5,5,5,4,4,5,4,4,4,3,5,3,5,4,4,5,4,3,4,3,3,3,4,3,3,3,3,3,4,3,3,4,5,-1.992878369,-0.114311706,-0.673910882,-0.549866753,-0.079382534,0.046113339
Male,Malaysia,Malaysia,18-29,College,2,Employed (part time),Yes,No,Yes,No,Yes,Yes,Yes,Yes,7,7,7,7,7,4,4,7,6,6,3,7,7,5,7,6,7,7,7,3,7,7,7,7,7,6,7,7,6,5,5,7,5,6,5,6,6,5,6,6,6,5,5,5,6,5,7,5,6,6,-0.170566478,0.59538322,0.566366927,1.378624764,1.089176372,1.468256236
Female,Malaysian,Malaysia,18-29,College,3,Employed (part time),Yes,No,Yes,Yes,No,Yes,Yes,Yes,4,5,5,6,5,5,7,5,5,5,3,4,4,3,5,4,5,4,4,5,4,5,7,4,5,5,5,5,5,6,5,5,4,6,5,6,5,5,6,5,5,5,4,4,4,5,5,4,5,5,-0.420256094,0.827613701,0.069955758,-0.46676082,-1.891576771,0.431778878
Male,Bangladeshi,Malaysia,18-29,Postgraduate,5+,Employed (part time),No,No,Yes,Yes,Yes,Yes,Yes,Yes,6,6,4,3,7,5,5,7,5,5,3,6,7,5,7,7,7,5,7,4,7,1,7,1,1,6,6,6,7,7,1,2,7,7,6,5,4,6,5,4,4,5,4,5,4,5,5,4,5,5,-0.950840471,-0.304610525,-0.094848438,1.829726825,1.306073458,-2.55098734
Male,Malaysia,Malaysia,18-29,Graduate,3,Employed (full time),Yes,Yes,Yes,Yes,Yes,No,Yes,Yes,5,5,5,5,5,7,5,7,7,7,2,6,7,5,4,5,5,6,5,4,3,6,4,2,4,5,5,4,5,5,4,2,5,5,3,7,5,6,6,5,6,6,7,6,6,7,6,6,6,5,1.386319185,-1.467953154,0.70452586,0.270219842,-1.166221247,-0.770103613
Female,Malaysian,Malaysia,18-29,College,2,Never worked,,Yes,Yes,Yes,No,Yes,No,No,5,5,5,6,5,5,5,5,5,5,3,4,5,5,5,4,5,5,4,5,4,4,5,4,5,4,4,5,4,4,4,5,5,4,4,5,5,5,5,5,4,5,5,4,4,5,4,4,5,4,-0.417891262,-0.62705445,-0.053111862,0.010965591,-0.951203924,0.266845189
Male,Scottish,Scotland,18-29,Graduate,1,Employed (part time),,No,No,Yes,Yes,No,No,No,4,4,5,4,4,4,4,4,4,4,1,1,7,1,1,1,7,1,1,7,1,7,4,7,4,1,4,4,4,6,4,4,6,6,1,1,1,1,1,1,1,5,7,7,7,7,5,2,4,1,0.32123416,-0.685543155,-1.155339531,-5.62157449,1.144860873,2.193724399
Female,Scottish ,Scotland,18-29,Graduate,1,Employed (part time),,No,No,Yes,No,No,No,No,6,6,6,4,4,4,5,5,4,5,3,3,7,2,5,1,6,5,4,4,5,3,5,4,3,3,3,4,4,4,4,5,5,5,2,2,2,2,2,4,2,5,6,5,2,5,5,4,5,4,-0.611147778,-1.314891961,-0.503977156,-1.895675711,1.808075749,-0.062055038
Female,Scottish,Scotland,18-29,Graduate,1,Unemployed,No,No,Yes,Yes,Yes,Yes,Yes,Yes,6,6,7,7,7,7,7,7,7,6,1,4,7,3,3,7,6,7,6,1,7,5,3,6,2,7,7,6,6,7,6,7,7,6,7,7,3,2,3,6,6,6,7,6,7,7,6,7,7,7,1.094236999,0.896606447,1.190675761,-1.316397234,0.782019612,-0.333968291
Female,Scottish,Scotland,18-29,Postgraduate,2,Employed (part time),No,No,No,Yes,No,No,No,No,7,7,7,7,4,7,4,7,7,7,1,5,4,1,5,4,4,4,5,6,5,4,5,1,3,2,2,2,4,7,6,7,7,7,3,3,2,3,2,1,1,5,7,7,5,7,4,7,7,4,0.551521334,-1.285128798,1.3935247,-2.818977428,1.349165187,-0.981507475
Female,Malaysian,Malaysia,18-29,Graduate,2,Employed (fixed term),Yes,Yes,Yes,Yes,Yes,No,Yes,Yes,5,5,7,7,7,7,4,7,7,7,3,3,7,4,3,7,6,7,7,4,7,6,7,4,6,5,5,7,4,7,7,7,5,5,3,4,4,5,4,4,4,4,5,6,4,5,4,6,5,5,-1.186573982,1.321922085,0.938568139,-0.755213748,1.567920281,-0.223770228
Female,Malaysian,Malaysia,18-29,Graduate,2,Employed (full time),Yes,Yes,Yes,Yes,Yes,Yes,Yes,No,6,6,6,6,6,6,6,7,7,7,3,3,5,4,4,4,6,5,5,6,6,6,6,7,6,6,6,6,6,6,6,6,6,6,6,6,6,6,6,6,6,6,6,6,6,6,6,6,6,6,1.149476751,0.901411854,1.018622006,-1.08189976,-1.109643282,1.172297092
Male,Malaysian,Malaysia,18-29,College,4,Never worked,No,Yes,No,No,Yes,Yes,Yes,Yes,7,7,7,7,7,7,4,7,6,4,3,4,6,4,4,5,6,7,7,7,6,7,7,4,4,7,4,4,4,4,4,5,4,6,6,6,5,5,4,6,5,6,6,7,7,7,7,7,7,4,1.561488468,-1.99626835,1.105418065,-0.167466203,1.145242607,1.747236468
Female,MALAYSIAN ,Malaysia,18-29,College,3,Employed (full time),Yes,No,Yes,Yes,No,Yes,Yes,No,4,5,6,3,7,7,7,7,5,4,2,4,5,2,3,3,3,3,6,2,6,6,6,2,6,6,4,3,3,4,5,6,5,5,5,5,5,5,5,5,5,5,5,5,5,5,5,5,4,3,-0.06054761,0.122210704,0.429593878,-0.960716989,-1.866978702,-0.020677358
Female,Malaysia,Malaysia,18-29,Graduate,2,Never worked,No,Yes,Yes,Yes,No,Yes,Yes,Yes,7,7,7,7,7,7,7,7,7,7,1,7,7,3,7,7,7,7,7,4,7,4,7,7,4,7,7,4,4,7,7,5,5,3,3,3,2,2,4,3,3,2,5,3,4,3,3,3,3,3,-3.708977744,0.824118782,2.025756106,0.816465296,2.560249588,-0.193912702
Female,Polish,Scotland,18-29,Graduate,2,Recently employed,Yes,No,No,Yes,Yes,Yes,Yes,Yes,6,6,6,6,7,7,7,7,7,7,4,4,6,4,6,7,4,7,7,5,7,4,6,3,7,7,5,7,7,7,7,5,5,6,5,5,6,5,5,5,5,7,7,5,7,6,5,5,5,6,-0.154356397,1.57064007,1.208559753,0.300123253,-0.050716441,-1.421040849
Female,Malaysian,Malaysia,30-39,Postgraduate,2,Employed (full time),No,No,Yes,Yes,Yes,Yes,Yes,Yes,7,7,7,7,7,7,7,7,7,7,2,5,6,3,4,7,7,7,7,2,7,5,7,1,1,5,6,4,7,7,7,7,7,7,7,7,7,7,7,7,7,7,7,7,7,7,7,7,7,7,2.190040005,0.333076821,1.759881764,-0.300415545,-0.262470425,-0.848470211
Female,Malaysia ,Malaysia,18-29,College,2,Employed (part time),No,Yes,Yes,Yes,Yes,Yes,Yes,Yes,6,7,6,7,4,4,4,5,5,5,6,6,7,7,6,6,6,6,6,6,6,6,6,6,5,5,6,7,7,7,6,6,7,6,5,6,6,6,6,5,5,6,6,5,6,5,6,6,5,6,0.163161557,0.895842683,-0.477681846,0.926663988,0.704247353,1.410067492
Female,National,Malaysia,18-29,Graduate,2,Employed (part time),Yes,No,No,No,Yes,Yes,No,No,6,5,6,5,5,5,6,6,6,5,1,2,3,3,5,5,4,5,5,5,5,5,5,5,4,5,5,5,4,5,5,5,5,5,5,5,5,4,5,5,3,6,6,6,3,6,5,5,4,4,0.098966276,-0.087139468,0.372233511,-1.236210425,-0.88660657,0.350009475
Female,Malaysia,Malaysia,18-29,College,2,Employed (part time),Yes,Yes,No,Yes,Yes,No,Yes,Yes,6,6,6,1,6,7,7,6,6,3,3,5,3,3,6,5,5,6,5,1,7,6,7,7,4,5,5,4,4,5,4,4,4,6,4,4,5,5,5,5,5,5,5,5,6,5,6,5,5,5,-0.176445089,-0.568470302,0.219411196,0.667979814,-0.873641086,0.496868738
,Scottish ,Scotland,18-29,Secondary,1,Employed (part time),,No,No,Yes,No,Yes,No,No,4,3,5,4,4,4,5,6,6,6,1,1,6,2,3,2,6,4,5,3,6,6,4,2,3,2,2,4,4,3,4,5,5,5,3,2,6,1,6,4,5,5,6,6,3,6,5,4,5,3,0.665441284,-1.256471945,-0.579226758,-2.412505578,0.349446809,-0.765077141
Female,Scottish,Scotland,18-29,Graduate,1,Employed (part time),,No,Yes,No,Yes,No,No,No,4,4,4,4,4,4,4,5,5,4,2,4,6,3,4,2,6,6,4,4,4,5,5,2,4,3,3,5,4,5,4,4,5,7,3,1,1,1,1,7,2,7,7,7,3,5,3,7,5,4,0.050806782,-1.041565363,-1.389011311,-1.933820304,2.253954897,-1.251612164
Female,Malaysia ,Malaysia,18-29,Graduate,3,Employed (part time),Yes,No,No,Yes,Yes,No,Yes,Yes,6,6,6,6,6,6,6,7,6,6,4,5,5,6,6,6,6,6,6,4,6,5,6,5,6,5,5,6,6,6,6,6,6,6,6,6,6,6,6,5,5,5,6,6,6,6,5,6,6,6,0.387466516,0.515275944,0.748645665,0.64397539,-0.482345224,0.225418002
Female,Somali,Scotland,18-29,College,3,Recently employed,No,No,No,No,No,No,No,No,7,5,6,6,4,6,7,6,7,4,1,3,4,3,4,5,6,7,7,5,6,5,6,6,4,5,6,5,5,5,5,5,6,5,1,3,3,4,6,5,6,7,5,3,6,6,7,7,6,6,0.287624043,-0.096373979,0.313139212,-0.934850604,0.979884611,0.58537558
Male,Scottish Pakistani,Scotland,18-29,Graduate,3,Employed (part time),,No,Yes,Yes,Yes,Yes,Yes,Yes,6,7,5,4,5,4,5,6,7,7,3,5,5,6,6,7,7,7,6,5,7,4,6,3,6,7,6,7,6,5,4,5,5,6,4,7,6,6,4,7,6,5,7,6,6,6,5,7,4,6,0.371933049,0.285518015,0.053730808,1.22855843,0.514791808,-1.473218359
Female,Malaysian,Malaysia,18-29,College,2,Unemployed,,Yes,No,Yes,No,No,No,Yes,6,6,6,4,4,4,4,6,6,6,4,2,6,3,3,4,4,4,6,5,4,4,4,4,4,4,4,4,4,4,4,4,4,4,4,4,4,4,4,4,4,4,4,4,4,4,4,4,4,4,-0.753051091,-0.873032142,0.00722936,-0.762414187,-0.57623616,0.111422914
Male,Malaysia,Malaysia,18-29,College,2,Employed (full time),,No,No,Yes,No,No,Yes,Yes,6,6,6,6,6,6,6,6,6,6,3,4,6,2,4,6,6,6,6,6,5,4,6,4,4,5,5,5,6,6,6,6,6,6,6,6,6,6,6,6,6,6,6,6,6,6,6,6,6,6,1.180080375,0.456608438,0.669531128,-0.843707165,-0.399629412,0.143604105
Male,Scottish,Scotland,18-29,Secondary,1,Never worked,,Yes,No,Yes,No,No,No,No,5,6,5,7,5,6,7,6,7,6,1,2,7,2,3,3,7,6,4,5,5,3,6,2,3,5,3,5,3,2,2,6,7,4,5,4,7,2,4,5,5,5,4,5,3,4,3,5,6,4,-0.030700729,-1.254453195,1.14500987,-1.416619304,0.577372376,-1.289111175
Female,Malaysia,Malaysia,30-39,Postgraduate,2,Employed (full time),Yes,Yes,Yes,Yes,Yes,Yes,Yes,Yes,7,5,5,5,5,4,4,5,4,4,1,1,7,1,5,1,3,4,7,3,7,7,7,7,4,4,4,5,5,5,5,4,4,4,5,5,5,5,5,5,5,5,5,5,5,5,6,5,5,5,0.39477335,-0.317065094,-0.711314502,-1.320421984,-0.254746058,2.61789618
Female,Malaysian,Malaysia,18-29,Postgraduate,3,Employed (part time),No,Yes,Yes,Yes,No,Yes,Yes,Yes,5,6,6,7,4,5,5,6,5,5,2,6,6,5,5,7,6,6,6,5,6,6,6,4,5,6,5,6,5,6,6,5,6,6,6,6,6,6,6,6,6,5,6,5,5,5,5,6,6,7,0.271649859,0.366427151,-0.076881655,0.866956209,0.177291822,0.707915089
Female,MALAYSIA,Malaysia,18-29,College,1,Recently employed,Yes,No,No,Yes,No,No,Yes,Yes,4,4,5,4,4,4,4,5,4,4,4,5,5,4,5,6,4,5,5,3,4,4,6,3,4,5,4,4,4,5,5,4,4,5,4,4,4,4,5,4,4,2,4,4,4,4,4,4,5,4,-1.417168756,-0.151370758,-1.215460179,0.891458475,-0.568522887,-0.485825595
Female,Malaysia,Malaysia,18-29,College,1,Recently employed,Yes,No,Yes,Yes,No,No,Yes,Yes,4,4,5,4,4,4,4,5,4,4,4,5,5,4,5,6,4,5,5,3,4,4,6,3,4,5,4,4,4,5,5,4,4,5,4,4,4,4,5,4,4,3,4,4,4,4,4,4,5,4,-1.313871732,-0.169636054,-1.218812069,0.848495559,-0.566811001,-0.531815
Female,Malaysian,Malaysia,18-29,College,2,Employed (fixed term),,Yes,Yes,Yes,Yes,Yes,Yes,Yes,5,5,7,4,5,5,5,5,5,5,1,3,5,1,3,4,7,6,6,6,5,6,5,4,3,3,3,7,6,3,6,4,4,2,2,4,3,3,4,4,4,4,5,6,4,4,4,4,3,3,-1.388700146,-0.170495253,-0.073754427,-1.694307505,1.385138076,0.854492192
Female,Malaysian,Malaysia,18-29,College,3,Employed (part time),,Yes,Yes,Yes,Yes,Yes,Yes,Yes,6,6,7,6,7,6,5,7,7,6,5,7,7,5,6,7,5,7,5,3,6,4,7,2,4,7,5,6,6,7,7,6,6,6,6,6,6,6,6,6,6,6,6,6,6,6,6,6,6,6,0.496540392,0.67635565,0.891456979,1.266870879,-0.355636035,-1.214156873
Female,Malaysian,Malaysia,18-29,College,2,Employed (part time),No,No,No,Yes,No,No,Yes,Yes,6,6,5,6,5,6,5,6,6,5,5,5,5,4,5,5,5,4,5,5,4,5,5,4,5,6,5,4,5,6,5,5,5,5,6,6,6,4,4,4,5,5,5,4,5,5,4,5,3,5,-0.587735295,0.264555619,0.542333503,0.213522612,-1.421796912,0.200535591
Female,Warganegara,Malaysia,18-29,Graduate,3,Employed (full time),Yes,No,Yes,Yes,No,Yes,Yes,Yes,6,5,5,5,6,6,6,6,6,6,4,5,5,4,4,5,5,5,5,5,5,5,5,5,4,5,5,6,5,5,5,5,5,5,5,5,5,5,5,5,5,5,5,5,5,5,5,5,5,5,-0.144973713,0.050308324,0.522547663,-0.066601815,-0.945284485,0.190546641
Female,malaysian,Malaysia,18-29,College,3,Employed (full time),Yes,Yes,Yes,Yes,Yes,Yes,Yes,Yes,5,6,7,6,7,7,6,6,5,6,3,6,7,4,7,7,6,6,7,2,7,6,7,6,5,7,5,5,4,1,4,5,6,1,4,4,4,4,4,5,5,2,4,5,4,5,5,7,7,6,-1.18729686,-1.453568922,0.814887792,2.032357559,1.520541474,1.168928058
Male,Malaysian,Malaysia,18-29,Graduate,2,Employed (full time),Yes,No,Yes,Yes,No,Yes,Yes,Yes,6,5,5,5,7,6,5,7,7,6,4,6,5,3,4,4,7,5,7,7,7,6,7,6,5,3,3,3,4,4,3,3,4,4,3,4,5,4,5,4,6,5,5,5,4,6,6,4,6,4,-0.054182111,-2.217206864,0.883606421,0.362105856,0.750925222,0.869125706
Female,Melayu,Malaysia,18-29,College,2,Employed (full time),Yes,Yes,No,Yes,Yes,No,Yes,Yes,4,6,6,6,7,7,7,7,7,7,2,4,7,5,7,7,7,7,6,5,6,7,7,7,7,7,6,6,6,6,6,6,6,7,7,7,7,7,7,7,6,6,6,5,6,6,6,6,5,6,0.603127054,1.419742954,1.118282289,0.474827265,-0.433431275,0.655429927
Female,Malay,Malaysia,18-29,College,1,Never worked,,Yes,Yes,Yes,No,Yes,Yes,Yes,4,5,5,5,5,5,4,5,5,5,3,3,5,4,3,6,4,6,5,5,4,4,3,4,3,4,3,2,2,5,5,5,6,7,4,4,4,3,3,3,3,3,4,4,3,4,4,4,5,4,-0.894852584,-0.776586362,-0.445571254,-0.784345941,0.114592665,-0.585780429
Male,Malaysian,Malaysia,18-29,Postgraduate,4,Recently employed,Yes,No,No,Yes,Yes,Yes,Yes,Yes,6,5,6,6,6,7,7,7,6,6,2,4,6,5,6,4,6,5,7,5,5,6,7,7,5,6,6,6,5,6,6,5,6,6,6,5,7,7,5,6,5,6,7,7,7,7,7,7,7,7,1.765373306,-0.079581074,0.80866298,-0.437989624,-0.34159794,1.570968518
Male,malaysia,Malaysia,18-29,Graduate,3,Employed (full time),Yes,Yes,No,Yes,Yes,No,Yes,Yes,5,5,4,5,5,5,4,5,5,5,4,5,5,5,5,5,5,5,4,4,6,6,4,5,4,4,4,5,4,5,5,4,4,4,4,5,5,5,5,5,6,6,6,5,4,4,4,4,5,5,-0.268929527,-0.70568539,-0.491037525,0.731119891,-0.86473026,0.474790357
Female,Malaysia,Malaysia,18-29,College,3,Recently employed,Yes,Yes,No,Yes,No,No,No,No,5,5,6,4,3,4,4,7,7,7,1,4,4,3,2,2,3,2,3,7,4,4,7,3,4,4,4,5,4,4,3,4,4,4,5,4,4,3,5,5,4,4,4,6,4,7,4,4,4,1,0.121393588,-1.064720054,0.302039529,-1.784482793,-1.722109286,-0.27532837
Male,Malaysian,Malaysia,18-29,Graduate,2,Employed (full time),,No,Yes,No,No,No,Yes,Yes,5,5,6,6,6,6,6,7,6,5,3,4,5,5,5,5,5,5,5,4,5,5,6,5,6,6,6,6,6,6,6,6,6,6,5,5,6,4,6,6,6,5,6,5,5,6,6,6,6,5,0.399096684,1.146692213,0.372301016,-0.389742823,-1.031977708,0.191039641
Female,Malaysian ,Malaysia,18-29,Graduate,2,Recently employed,Yes,No,Yes,Yes,No,No,Yes,Yes,7,5,5,5,6,5,5,5,6,6,5,5,7,5,7,6,6,6,7,4,7,4,6,4,5,6,5,7,6,5,6,6,6,7,6,5,6,3,5,7,4,5,7,6,7,6,5,6,7,5,0.596245858,0.344649064,-0.249352569,0.612948268,1.336263974,-0.839766729
Male,Malaysia,Malaysia,18-29,Graduate,2,Employed (part time),Yes,No,Yes,No,Yes,Yes,Yes,No,3,3,3,3,4,3,3,5,4,3,2,3,3,2,3,3,3,3,3,4,4,3,3,3,3,3,3,3,3,4,3,3,3,4,4,4,3,4,4,3,3,3,4,3,4,4,3,3,4,3,-1.070884551,-1.096868544,-1.755681836,-0.710045949,-2.135450275,-0.535055699
Female,Malaysia,Malaysia,18-29,College,2,Employed (full time),No,Yes,Yes,Yes,Yes,Yes,Yes,No,7,7,4,7,7,7,7,4,4,4,4,4,4,4,6,4,4,4,7,6,5,4,7,7,7,7,4,7,4,4,5,5,5,4,5,5,5,5,5,5,5,5,5,5,4,4,4,4,4,4,-1.222130852,0.446896638,0.651210463,0.370049871,-0.796666398,1.77534534
Female,Malaysia ,Malaysia,18-29,College,3,Never worked,No,Yes,Yes,No,No,No,No,No,6,6,7,6,7,7,6,6,6,6,6,6,7,6,6,6,6,7,5,5,3,5,4,4,4,4,4,4,4,4,4,4,4,4,4,5,4,3,5,6,4,5,4,5,4,4,3,5,4,5,-1.141581453,-1.623975903,1.385203305,1.464936415,0.149900503,0.180364294
Female,malaysian,Malaysia,18-29,Graduate,4,Employed (part time),No,Yes,Yes,Yes,Yes,Yes,Yes,Yes,5,6,7,6,6,7,6,6,6,6,2,6,7,3,7,7,7,7,7,4,7,6,7,6,6,5,6,6,6,7,7,6,6,7,6,7,6,6,6,7,6,6,7,5,6,5,6,6,6,7,0.461112578,1.360503369,0.589507513,0.433513,0.610599811,0.545197092
Female,Malaysia,Malaysia,18-29,College,2,Never worked,No,No,Yes,Yes,No,No,No,Yes,4,4,5,5,5,5,5,3,3,3,2,3,3,4,3,5,4,3,4,2,4,4,4,4,3,3,3,4,3,4,4,3,3,3,3,3,3,3,3,2,3,2,2,3,3,2,2,3,3,3,-2.891929952,-0.675511124,-0.745673697,-0.071962219,-1.254093675,0.580239622
Male,Malaysia,Malaysia,18-29,College,3,Employed (part time),Yes,No,No,Yes,No,Yes,Yes,Yes,5,6,4,5,4,6,5,7,7,6,7,6,6,4,4,5,4,5,5,4,6,7,6,6,7,5,4,6,5,6,4,6,5,6,5,4,6,5,6,4,5,6,7,3,4,5,3,3,4,4,-0.88788949,0.828302174,0.328227483,0.476548635,-1.05122595,-0.225458375
Female,Malaysia,Malaysia,18-29,Graduate,2,Employed (part time),Yes,No,Yes,No,No,Yes,No,No,5,4,4,6,6,6,6,7,5,4,5,5,7,4,7,5,6,4,7,4,6,5,7,7,5,6,6,5,5,5,5,5,4,6,5,5,5,5,5,5,5,5,6,5,5,5,5,5,5,5,-0.408328425,0.177230935,-0.125259597,0.847599892,0.060863231,0.724298129
Female,Malaysian,Malaysia,18-29,Graduate,2,Employed (full time),Yes,No,No,No,No,No,Yes,Yes,5,4,5,5,5,5,5,5,5,5,2,5,5,5,5,5,5,5,5,4,5,5,5,5,5,4,4,4,4,5,5,5,5,5,5,5,5,4,4,5,4,4,4,4,5,5,5,5,5,5,-0.404716657,-0.374082834,-0.416505682,0.195953234,-0.515778649,0.410775032
Female,Malaysian,Malaysia,18-29,College,3,Unemployed,No,Yes,No,Yes,Yes,No,Yes,Yes,7,7,7,5,6,6,6,5,7,6,2,4,6,5,6,6,4,4,7,6,6,6,6,4,6,6,7,7,6,6,5,7,5,6,5,4,5,5,3,6,5,5,6,5,4,7,7,6,5,7,0.113887572,0.954422294,0.61330147,-0.512012788,0.500830524,0.763830418
Female,Malaysia,Malaysia,18-29,Graduate,3,Never worked,Yes,Yes,Yes,Yes,Yes,Yes,Yes,Yes,6,5,6,6,6,5,4,7,6,6,1,6,6,5,7,6,5,3,7,6,6,5,6,5,6,5,6,5,5,5,5,4,5,4,5,5,5,5,5,5,5,5,5,5,5,5,5,5,5,5,-0.473817112,-0.378143708,0.379709904,0.903737713,0.085860721,0.782548477
Female,Malaysian,Malaysia,18-29,Graduate,2,Never worked,No,Yes,Yes,Yes,Yes,Yes,Yes,Yes,7,7,7,7,7,5,7,7,5,7,6,7,7,5,6,7,7,7,7,4,7,7,7,3,7,7,6,7,6,7,6,6,6,6,7,7,7,7,7,6,6,7,7,7,7,7,7,7,7,7,1.363312632,0.526547813,1.040911662,1.343149511,0.348120062,0.743324391
Female,MALAYSIAN,Malaysia,18-29,Graduate,3,Employed (part time),Yes,Yes,Yes,Yes,No,No,Yes,Yes,4,4,4,5,4,3,4,5,4,5,4,4,3,4,5,3,3,5,3,4,4,4,4,5,4,5,4,4,4,4,4,3,3,4,5,5,5,4,4,4,5,4,4,4,4,4,4,5,5,5,-0.473567914,-0.978050531,-1.070760787,0.623280376,-2.311624798,0.223119978
Female,malaysia,Malaysia,18-29,Postgraduate,2,Employed (full time),No,No,Yes,Yes,No,Yes,Yes,Yes,7,7,6,6,7,7,7,7,7,7,1,4,7,1,5,7,6,7,4,7,7,4,7,4,7,7,5,7,7,7,5,7,7,7,7,7,7,7,7,7,7,7,7,7,7,7,7,7,7,7,2.144592704,1.386484157,1.468995541,-1.111145743,-0.403994414,-0.344185601
Female,malaysia,Malaysia,18-29,Postgraduate,2,Employed (full time),No,No,Yes,Yes,No,Yes,Yes,Yes,7,7,6,6,7,7,7,7,7,7,1,4,7,1,5,7,6,7,4,7,7,4,7,4,7,7,5,7,7,7,5,7,7,7,7,7,7,7,7,7,7,7,7,7,7,7,7,7,7,7,2.144592704,1.386484157,1.468995541,-1.111145743,-0.403994414,-0.344185601
Female,Malaysia,Malaysia,18-29,Graduate,2,Employed (full time),No,No,No,Yes,No,No,No,Yes,4,5,6,7,6,5,5,5,4,4,3,5,6,3,7,5,6,6,7,5,6,5,7,4,4,4,4,4,4,4,4,5,4,4,4,5,4,4,5,5,5,4,5,3,4,4,4,4,4,5,-1.427981286,-0.731446218,-0.179950174,1.064977138,0.979434293,0.827518171
Female,Malaysia,Malaysia,18-29,College,3,Employed (part time),Yes,No,Yes,Yes,No,Yes,Yes,Yes,5,4,6,5,6,5,5,6,5,5,3,4,5,4,4,5,4,5,5,3,5,3,5,3,5,5,2,5,5,5,5,5,5,5,4,5,5,4,4,5,5,4,5,5,4,5,5,5,4,5,-0.395526584,-0.058562125,-0.08057831,-0.143764542,-0.940427293,-0.821878462
Female,Malaysian,Malaysia,18-29,College,1,Never worked,No,No,Yes,Yes,No,Yes,No,No,4,4,5,5,3,3,3,4,4,4,2,2,4,2,3,3,3,5,4,4,4,4,4,4,3,5,3,3,3,3,3,3,3,3,3,3,3,4,3,3,3,4,3,4,4,4,4,4,5,3,-0.892072108,-1.754574042,-1.365242063,-0.722164482,-0.701927336,0.431413487
Female,Malaysian,Malaysia,18-29,College,2,Employed (full time),Yes,No,No,No,Yes,No,Yes,No,6,6,6,6,5,5,6,5,5,5,2,2,7,2,3,4,6,6,5,6,4,5,6,5,3,3,3,4,4,5,5,5,5,6,4,3,3,2,4,4,3,5,6,6,5,6,5,4,5,4,0.122768081,-0.936227828,0.277160569,-2.370948688,1.571521725,0.910446208
Female,Malaysia,Malaysia,18-29,College,3,Employed (part time),No,No,No,Yes,No,No,Yes,Yes,5,5,5,4,4,4,4,5,5,5,4,3,4,3,4,4,3,4,5,5,5,5,5,5,4,4,4,4,4,4,4,4,5,4,4,4,4,4,4,4,4,4,4,4,4,4,4,4,4,4,-0.9020699,-0.617645507,-0.66483075,-0.321728157,-0.960834844,0.500895234
Female,Malaysian,Malaysia,18-29,College,2,Employed (part time),Yes,No,No,No,No,Yes,Yes,Yes,6,5,6,5,5,6,5,7,6,5,4,5,5,5,5,6,6,6,6,6,6,6,7,4,4,5,5,5,5,4,5,5,5,5,5,5,5,5,5,5,5,5,5,5,5,6,5,5,5,6,-0.14700778,-0.582580037,0.365209493,0.766757174,0.286815438,0.449031752
Male,Malaysia ,Malaysia,18-29,Graduate,2,Employed (full time),Yes,No,No,Yes,Yes,Yes,Yes,Yes,6,6,6,6,6,6,6,6,6,6,7,7,6,6,6,6,6,6,6,6,6,5,6,6,6,7,6,6,5,6,6,6,7,6,5,6,6,6,6,5,3,3,4,4,4,4,4,3,4,4,-1.832579972,1.266655338,0.759017339,1.541121442,-0.051347899,0.318674283
Female,Malaysian,Malaysia,18-29,College,2,Employed (part time),Yes,No,No,Yes,Yes,No,No,No,4,3,5,4,5,5,5,4,4,4,4,4,4,4,5,5,4,4,5,4,5,4,4,4,4,4,4,4,4,4,4,5,4,5,4,4,4,4,4,3,5,5,4,5,5,5,4,4,4,5,-0.586099614,-0.56305815,-1.112972463,0.103699235,-0.925957873,-0.013580179
Female,Malaysian,Malaysia,30-39,Postgraduate,2,Employed (full time),No,Yes,Yes,Yes,Yes,Yes,Yes,Yes,7,7,7,7,7,7,7,7,7,7,2,5,7,4,6,7,3,7,3,3,7,4,7,4,7,7,5,7,6,6,6,7,7,7,5,5,7,7,6,6,6,6,7,7,7,7,7,7,7,7,1.549288504,0.862165304,1.639658787,-0.0161227,-0.920907382,-0.637552226
Male,Malaysia,Malaysia,18-29,College,2,Employed (part time),No,No,No,No,No,No,No,No,4,5,6,6,5,5,6,5,5,5,5,4,5,4,4,4,4,4,5,3,5,5,5,5,4,5,3,4,5,4,3,5,5,5,5,4,4,4,4,4,4,5,5,5,4,5,5,5,5,4,-0.198739591,-0.967514651,-0.024849858,-0.20913226,-0.780795425,0.464036106
Male,Malaysian,Malaysia,30-39,Postgraduate,2,Employed (full time),No,Yes,No,Yes,Yes,Yes,Yes,Yes,7,6,6,7,7,5,4,6,4,4,2,6,6,7,7,7,6,6,5,1,6,6,6,4,6,6,5,6,6,6,6,4,5,5,5,6,6,6,6,6,5,6,6,6,6,6,6,5,5,6,0.083398622,-0.054114129,0.183076204,1.728828259,-0.261575542,0.99560502
Female,Malaysia,Malaysia,18-29,College,1,Never worked,Yes,No,No,No,No,Yes,No,No,2,2,2,2,2,2,2,2,2,2,1,2,5,3,3,1,1,7,7,7,6,4,4,6,4,4,4,4,4,4,4,4,4,4,4,4,4,5,4,3,4,4,4,4,4,4,4,4,4,4,-0.613075012,0.001691051,-4.149381007,-0.72124332,0.099299726,0.857827435
Female,Malaysian,Malaysia,30-39,Graduate,2,Employed (full time),No,No,Yes,Yes,No,Yes,Yes,No,7,4,6,7,6,6,5,4,4,5,7,6,7,5,5,4,7,5,7,3,7,6,7,3,6,4,5,6,7,7,7,6,7,7,5,4,7,6,5,6,6,7,7,7,7,7,5,5,7,5,1.105933177,0.679548639,-0.367655136,0.008536616,0.797591476,0.676411855
Male,Malaysia,Malaysia,30-39,College,2,Employed (fixed term),No,Yes,Yes,Yes,Yes,No,Yes,Yes,3,3,5,5,7,5,5,5,5,4,4,4,4,4,4,4,4,4,5,2,6,3,4,5,5,5,5,5,5,5,5,5,5,5,4,5,4,5,5,5,5,5,5,5,6,7,6,6,7,7,0.75335773,0.038084754,-0.963844858,-0.127623544,-1.665784492,-0.007459009
Male,Malaysia ,Malaysia,18-29,Graduate,3,Employed (full time),Yes,No,Yes,Yes,No,Yes,Yes,Yes,4,7,7,4,5,4,3,2,2,2,4,4,5,3,4,5,5,5,5,5,5,5,5,1,5,5,5,5,4,5,5,5,5,5,5,5,5,5,4,5,5,5,4,7,5,7,7,5,7,5,0.880326521,-0.439880062,-1.880576438,-0.524199739,0.223205792,1.53675787
Female,Melayu,Malaysia,18-29,College,2,Employed (part time),Yes,No,Yes,Yes,Yes,Yes,Yes,Yes,5,5,6,5,6,6,5,6,6,5,2,2,7,5,7,7,7,7,7,1,7,7,7,7,7,7,7,7,7,7,7,7,7,7,7,6,7,7,7,7,7,6,7,7,7,7,7,6,7,7,1.54556656,2.185130378,-0.433856267,-0.020721925,0.136206989,0.847195987
Female,Malaysia,Malaysia,18-29,College,2,Never worked,,No,No,Yes,No,No,Yes,No,6,6,6,6,6,5,6,7,6,6,4,4,7,3,6,7,6,5,7,3,7,6,7,6,5,6,6,6,5,7,6,6,6,7,6,6,6,6,6,5,6,5,5,7,6,7,6,6,7,6,0.86675742,0.766665255,0.431062891,0.013720152,0.252634679,0.634588885
Male,Malaysian,Malaysia,18-29,Graduate,2,Employed (part time),Yes,Yes,Yes,Yes,Yes,Yes,Yes,Yes,6,5,7,7,7,7,6,7,5,5,7,6,6,6,6,6,6,6,6,4,6,6,6,6,6,6,6,6,6,6,6,6,6,6,6,6,6,6,6,6,6,6,6,6,6,6,6,6,6,6,0.528732504,0.467414193,0.762499623,1.16419634,-0.551555259,1.230898147
Female,Malaysia,Malaysia,18-29,Postgraduate,3,Employed (full time),No,Yes,No,Yes,Yes,Yes,No,No,3,5,6,5,6,6,6,6,6,6,4,3,6,4,6,6,5,5,5,3,6,5,6,7,5,7,6,7,7,6,6,6,7,7,5,7,6,6,7,5,6,5,7,6,6,5,5,5,5,7,0.369573675,2.055619907,-0.043392962,-0.125719634,-1.280366131,-0.042002312
Male,Malaysian,Malaysia,30-39,Graduate,2,Recently employed,Yes,Yes,No,Yes,Yes,Yes,Yes,No,7,7,7,7,6,6,6,6,6,6,4,5,5,5,5,6,5,5,5,5,5,3,5,3,5,5,5,6,7,7,7,7,7,7,7,7,7,5,5,5,6,5,4,4,5,4,4,4,5,5,-0.550582064,1.83722392,1.230615005,-0.043543972,-1.445436923,-0.56540992
Female,Malaysian,Malaysia,18-29,College,2,Employed (part time),,No,Yes,No,No,Yes,Yes,Yes,5,5,5,5,6,7,7,7,5,5,1,4,4,1,3,3,2,2,4,5,3,4,5,3,3,1,1,3,4,4,4,4,2,2,2,2,2,2,2,2,2,1,1,1,1,1,1,1,1,1,-4.456596559,-0.484404628,1.481356965,-1.22677964,-1.658020343,-0.258324785
Female,MALAYSIA,Malaysia,18-29,College,3,Employed (full time),Yes,Yes,No,Yes,Yes,No,Yes,Yes,7,5,6,6,6,6,6,6,6,5,4,5,6,5,5,6,5,6,7,5,7,6,6,6,6,6,5,6,6,6,6,5,7,5,4,7,6,6,7,5,6,6,5,6,3,3,6,6,6,7,-0.162345286,0.823942313,0.416226314,0.849967772,-0.100030149,0.940825613
Female,Malaysian,Malaysia,18-29,College,3,Employed (part time),Yes,Yes,Yes,Yes,No,Yes,Yes,Yes,7,6,6,7,6,6,6,6,5,5,2,5,4,3,5,6,6,4,5,3,6,6,6,4,3,5,3,4,4,4,4,4,4,4,4,5,4,4,4,4,4,4,4,4,4,4,4,4,5,5,-1.30891649,-1.354752622,1.254796,0.541715446,-0.190190519,0.853453903
Female,MALAYSIA,Malaysia,18-29,College,2,Employed (part time),,Yes,Yes,Yes,No,Yes,Yes,Yes,6,6,7,5,6,6,5,6,5,4,2,5,5,4,4,5,6,5,4,6,5,6,5,6,4,5,4,5,5,5,4,5,6,6,4,4,5,3,4,4,5,4,4,5,4,6,4,5,5,5,-0.534481121,-0.420170671,0.45386478,-0.674543387,0.441125441,1.345699258
Female,malaysia,Malaysia,18-29,Secondary,2,Employed (part time),Yes,Yes,Yes,Yes,Yes,Yes,Yes,Yes,5,5,6,5,6,6,6,5,5,5,4,4,5,5,5,5,5,5,5,5,6,5,6,6,4,4,6,6,6,6,6,6,6,6,5,5,5,5,5,6,6,5,6,6,6,6,7,6,6,6,0.871664797,0.589647297,-0.206271154,-0.481179039,-0.535345812,0.995822202
Female,Malaysian,Malaysia,18-29,College,2,Employed (part time),Yes,Yes,Yes,Yes,Yes,Yes,Yes,Yes,6,6,6,6,6,6,7,6,6,6,4,5,4,4,4,4,4,4,4,4,4,4,4,4,5,5,5,5,5,5,5,6,5,5,5,5,5,5,5,5,5,5,6,5,5,5,6,5,5,5,0.290674808,0.005550263,1.015813243,-0.544193726,-2.187483664,0.16362647
Female,Malaysia,Malaysia,18-29,College,2,Employed (full time),Yes,No,Yes,Yes,No,Yes,Yes,Yes,5,5,7,7,7,4,4,5,4,4,1,5,7,3,3,5,5,7,5,5,5,4,5,5,4,4,4,5,4,5,5,5,5,6,4,4,4,4,5,5,5,4,3,3,3,4,3,3,4,5,-1.640062093,0.148038259,-0.101439074,-0.216319908,0.693646374,0.820170006
Female,Malaysia,Malaysia,18-29,Graduate,3,Unemployed,No,Yes,Yes,Yes,Yes,Yes,Yes,Yes,5,6,7,7,6,6,6,6,7,6,5,2,7,6,5,6,7,6,5,5,4,5,4,5,5,5,5,5,4,4,4,4,4,4,5,5,5,4,4,5,5,5,5,5,6,5,4,6,6,5,0.046509942,-1.280335662,1.095993325,0.28896965,0.040202435,0.578836881
Male,Malaysian,Malaysia,18-29,College,2,Unemployed,Yes,No,No,Yes,Yes,No,Yes,No,4,4,4,4,4,4,4,4,4,4,4,5,4,4,4,3,4,4,4,4,4,4,4,4,4,4,4,4,4,4,4,4,4,4,5,4,4,4,4,4,4,4,4,4,4,4,4,4,4,4,-0.862552552,-0.694747039,-1.32536874,0.150154644,-1.456480555,0.225696249
Female,Citizen,Malaysia,18-29,College,3,Employed (part time),Yes,Yes,No,Yes,Yes,No,Yes,Yes,5,4,4,4,5,4,5,5,5,5,1,3,4,2,4,5,5,5,6,4,4,4,4,4,4,4,4,4,4,4,4,4,4,4,4,4,4,4,4,4,4,4,5,4,4,4,4,4,5,3,-0.821726218,-0.549132527,-0.633466335,-0.693068783,-0.402383813,-0.437331314
Male,Malaysia,Malaysia,18-29,College,2,Employed (part time),Yes,No,No,Yes,Yes,No,Yes,Yes,5,5,5,5,6,6,5,6,5,5,3,6,6,5,5,6,3,3,5,3,5,5,6,5,5,6,6,5,5,5,5,6,5,6,5,6,6,5,6,6,6,6,6,5,5,6,6,6,6,6,0.756374619,0.305383571,-0.150268701,0.490207216,-1.786743805,0.379358554
Female,malaysian,Malaysia,18-29,Graduate,3,Employed (part time),No,Yes,Yes,Yes,Yes,Yes,Yes,Yes,5,5,5,3,5,5,5,5,4,4,2,4,5,5,5,5,5,5,5,3,6,5,6,4,6,6,6,4,4,5,5,4,5,5,5,6,5,4,5,4,5,4,5,4,6,6,5,4,5,5,-0.359982302,0.232543944,-0.874477246,0.449249145,-0.700308341,0.266118593
Female,Malaysian,Malaysia,18-29,Graduate,2,Employed (full time),No,No,Yes,Yes,No,Yes,No,No,5,7,7,5,4,4,4,4,4,4,1,4,7,4,7,4,4,7,7,4,7,4,7,4,4,7,7,4,4,7,6,6,6,6,4,7,5,5,7,7,7,7,7,7,7,7,7,7,7,4,1.933269697,0.137076297,-1.309999847,-0.162515641,0.89283198,0.630518465
Male,Malaysia,Malaysia,18-29,Graduate,3,Employed (fixed term),Yes,Yes,No,Yes,No,No,Yes,Yes,6,6,6,6,6,6,6,6,6,6,2,6,4,5,6,5,5,5,5,5,5,5,5,5,4,5,5,6,6,6,6,5,5,5,5,5,5,6,5,5,6,5,6,5,5,5,5,5,6,5,-0.092550745,0.203577519,0.809741463,0.273170548,-0.965708809,0.476137218
Female,Malaysian,Malaysia,18-29,Graduate,2,Never worked,Yes,Yes,Yes,Yes,No,Yes,Yes,Yes,7,6,7,7,7,6,6,6,6,6,3,3,6,6,5,7,6,6,6,2,5,2,6,4,5,6,2,6,4,5,5,5,6,7,5,5,5,5,6,6,6,5,5,7,6,7,7,6,6,6,1.159766452,-0.870767285,1.092017498,0.248737782,-0.144557194,-0.458677362
Male,Warganegara,Malaysia,18-29,Graduate,2,Employed (fixed term),Yes,Yes,Yes,Yes,Yes,Yes,Yes,Yes,5,5,5,7,5,5,5,6,5,5,5,5,4,4,6,6,5,5,5,3,6,3,6,5,5,7,5,4,4,4,4,5,5,5,5,5,5,6,4,5,5,5,5,6,5,5,5,5,6,5,0.009280429,-0.805888227,-0.019842966,1.246576171,-0.892115637,-0.220975798
Prefer not to say,Malay,Malaysia,18-29,Postgraduate,2,Employed (part time),Yes,No,No,Yes,Yes,No,Yes,Yes,4,4,6,5,5,5,5,4,4,4,2,4,5,2,5,4,4,4,6,5,4,5,5,3,4,3,4,6,5,5,3,4,4,5,4,5,4,4,4,4,5,5,5,3,4,4,4,4,5,3,-0.888872505,-0.071581433,-0.69710617,-0.678263441,-0.452328243,0.310272701
Male,Malaysian,Malaysia,18-29,Postgraduate,2,Employed (part time),Yes,Yes,Yes,Yes,Yes,Yes,Yes,Yes,7,7,7,7,5,5,6,7,7,7,2,4,7,4,5,7,5,6,5,5,4,5,7,6,7,5,6,7,6,7,7,5,5,5,7,7,6,7,7,7,4,6,6,6,6,7,7,5,6,6,1.038360176,0.951784144,1.237323203,-0.351362063,-1.192546992,1.121676619
Female,Malaysian,Malaysia,18-29,College,2,Employed (part time),No,Yes,Yes,Yes,Yes,Yes,Yes,Yes,6,6,6,6,4,5,5,4,4,4,4,4,5,4,4,4,4,4,4,4,5,4,4,4,4,4,4,4,4,5,4,5,5,4,4,5,4,4,4,4,4,5,4,4,4,4,4,4,5,4,-0.735647211,-0.678133847,-0.2229923,-0.287143275,-0.848210638,0.810545501
Male,Malaysia,Malaysia,18-29,Postgraduate,2,Employed (fixed term),No,No,Yes,Yes,Yes,No,Yes,No,6,5,6,6,5,5,5,6,6,6,3,4,4,2,3,3,3,3,4,3,3,4,4,2,4,3,4,5,5,4,4,5,5,5,5,4,3,3,3,3,3,3,3,5,3,5,3,4,4,3,-1.208237785,-0.254405855,0.707019807,-1.471527729,-1.640325505,-0.586560601
Female,Malaysian,Malaysia,18-29,College,2,Employed (part time),Yes,Yes,Yes,No,No,No,Yes,Yes,4,4,4,4,4,4,4,4,4,4,5,4,4,4,4,4,4,4,4,4,4,4,4,4,4,6,5,4,4,6,4,5,5,5,5,5,4,4,4,4,5,4,4,4,4,4,4,5,4,5,-0.727118118,0.358354826,-1.49517103,-0.010863089,-1.568383106,-0.079434924
Female,Malaysian,Malaysia,18-29,College,2,Never worked,No,No,Yes,Yes,Yes,Yes,Yes,Yes,4,4,4,4,4,4,4,4,4,4,5,7,5,5,5,7,4,5,5,6,5,5,5,5,5,5,5,5,4,4,4,4,4,4,4,4,4,5,5,5,4,4,4,4,4,4,5,4,5,4,-1.181448904,-0.551176117,-1.556204334,1.654592664,-0.246652178,0.491349121
Female,Malaysia,Malaysia,18-29,College,2,Employed (full time),Yes,No,Yes,Yes,No,Yes,Yes,Yes,4,1,6,5,3,6,6,4,4,4,4,4,6,5,5,5,5,5,5,2,5,5,6,5,5,5,4,5,5,5,5,5,5,2,5,6,6,6,6,5,5,5,6,5,5,5,5,5,5,5,0.113518096,0.053711933,-1.150649805,0.643177383,-1.418812175,0.726718966
Female,Malaysia,Malaysia,18-29,College,2,Never worked,,Yes,Yes,Yes,Yes,No,No,No,5,6,5,6,6,6,5,6,6,6,1,3,3,3,4,4,4,4,3,2,4,5,5,3,4,5,4,4,4,3,3,3,5,5,3,4,4,4,4,4,4,4,4,4,4,4,4,4,4,3,-1.024420562,-0.97791776,1.012061843,-0.547571863,-1.855189011,-0.564318446
Male,Malaysia ,Malaysia,18-29,College,3,Employed (part time),,Yes,Yes,Yes,Yes,Yes,Yes,Yes,6,6,6,7,6,6,6,5,6,6,3,5,5,5,5,5,5,6,6,4,6,6,6,5,5,5,6,5,5,5,5,5,4,5,5,5,5,5,5,6,6,5,5,6,5,4,6,5,5,5,-0.157483827,-0.2389274,0.72506842,0.583400088,-0.430571688,0.908927936
Male,Malaysian,Malaysia,18-29,College,2,Employed (fixed term),,Yes,No,Yes,No,Yes,Yes,Yes,7,7,7,5,7,7,7,7,7,7,3,5,6,5,5,7,5,6,7,5,7,6,6,2,6,7,6,6,6,7,6,6,7,7,5,6,7,6,7,7,7,6,7,6,7,6,6,6,7,5,1.107907101,0.983982462,1.394289153,0.189876248,-0.190036447,-0.649727157
Female,Malaysia,Malaysia,18-29,Postgraduate,2,Recently employed,Yes,No,No,Yes,Yes,Yes,No,No,5,7,7,5,4,5,3,7,4,4,1,5,6,3,5,5,3,4,6,4,5,5,5,5,4,4,4,4,4,4,4,4,3,4,4,4,4,4,4,4,4,4,4,6,5,5,5,5,5,5,-0.357455532,-1.579210086,-0.213929714,0.099918255,-0.013961532,1.452854791
Female,Polish,Scotland,30-39,College,2,Unemployed,,No,Yes,Yes,Yes,Yes,Yes,Yes,4,4,4,4,5,4,5,4,5,6,2,4,6,5,5,5,6,5,7,7,6,7,2,6,6,7,6,7,7,7,7,5,6,6,5,5,5,3,6,6,5,6,6,6,6,5,5,7,6,6,0.43697574,1.749643279,-1.535416665,-0.830516401,0.832249443,0.715925232
Male,Malaysia,Malaysia,18-29,College,3,Employed (part time),Yes,Yes,No,Yes,No,No,Yes,Yes,7,4,5,5,5,6,5,6,6,2,1,4,5,3,3,4,4,3,3,3,3,4,3,3,4,4,4,4,4,4,4,3,4,4,4,5,4,4,4,4,3,4,4,3,4,4,4,4,4,4,-0.94012509,-0.887874658,0.292808493,-0.678694142,-2.053362931,0.228877413
Female,Malaysian,Malaysia,18-29,Graduate,3,Unemployed,,Yes,Yes,Yes,Yes,Yes,Yes,Yes,3,5,6,6,4,4,4,5,6,6,5,5,5,5,6,6,4,5,7,4,6,3,6,6,6,6,6,6,6,6,6,5,5,6,5,7,7,6,6,6,6,6,6,6,6,7,6,6,6,6,1.061229079,0.760314193,-0.942181769,0.920944145,-1.22121924,-0.203468111
Male,Malaysia,Malaysia,18-29,College,2,Employed (part time),Yes,Yes,No,Yes,Yes,No,Yes,Yes,5,5,5,5,4,4,4,4,4,4,3,6,6,5,5,5,5,5,5,4,5,5,5,5,5,5,5,5,5,5,5,5,5,5,5,5,5,5,5,5,5,5,5,5,5,5,5,5,5,5,-0.104050654,-0.07085648,-1.222475097,0.554850762,-0.222349719,0.888574119
Female,Malaysia,Malaysia,18-29,College,4,Recently employed,No,Yes,Yes,Yes,No,Yes,Yes,Yes,6,6,7,7,6,6,6,6,7,6,4,5,6,6,6,6,4,6,6,3,6,3,6,3,5,6,6,6,5,4,5,5,6,6,5,6,5,6,6,4,5,6,6,6,6,6,6,5,6,6,0.479754396,-0.335976306,0.935089645,1.086326326,-0.587982331,-0.769720442
Female,malaysia,Malaysia,18-29,Graduate,3,Employed (part time),Yes,Yes,Yes,Yes,Yes,Yes,Yes,Yes,6,6,6,6,6,5,4,6,4,4,2,4,4,4,5,6,4,4,5,4,5,5,5,5,4,4,4,4,4,4,4,4,4,4,5,4,5,5,4,4,5,5,4,4,5,4,4,4,4,5,-0.854093912,-1.122418366,0.262374448,0.550058206,-1.039534931,1.321050213
Male,Ghanaian ,Scotland,40-49,Graduate,3,Employed (part time),,Yes,No,Yes,Yes,No,Yes,Yes,7,7,6,7,6,7,7,7,7,7,2,4,5,3,5,7,7,6,7,6,5,3,6,3,5,5,4,4,5,4,4,4,4,5,4,4,5,6,4,6,3,6,6,6,7,5,4,4,5,4,-0.13975241,-1.365381783,2.000029008,0.048499483,0.576235478,-0.785920478
Female,Scottish,Scotland,18-29,College,1,Employed (full time),No,Yes,Yes,Yes,Yes,Yes,Yes,Yes,7,7,7,7,7,5,4,7,7,6,4,5,5,6,6,7,4,7,6,2,7,4,7,4,7,4,5,7,6,6,6,6,5,7,6,5,6,5,7,6,7,6,7,6,6,5,6,6,6,7,0.624979011,0.517617158,0.86952235,1.262122666,-0.628518382,-0.436745156
Female,Norwegian ,Scotland,18-29,Graduate,2,Employed (part time),No,No,Yes,Yes,Yes,Yes,Yes,Yes,7,7,7,7,7,7,7,7,7,7,4,4,5,6,5,7,5,7,5,6,6,3,6,2,5,7,6,6,6,6,5,5,7,7,5,6,6,6,6,6,5,5,6,6,6,7,6,5,6,5,0.596445721,0.30884325,1.847676047,0.377815798,-0.539154086,-1.170007407
Female,China ,Scotland,18-29,College,2,Never worked,No,No,Yes,No,No,Yes,No,No,6,6,7,6,5,6,7,7,5,5,6,5,5,3,5,5,7,7,7,7,6,5,6,5,5,6,5,6,6,5,6,6,6,5,6,5,6,6,6,6,6,6,6,6,6,5,4,5,5,5,0.103495999,0.438785691,0.664503019,0.247917805,0.299693754,0.819999522
Male,Spanish,Scotland,18-29,Graduate,3,Employed (part time),,No,Yes,Yes,No,Yes,Yes,Yes,5,6,3,2,3,7,7,5,7,5,2,4,6,6,7,7,6,7,3,5,5,6,5,3,3,5,4,4,3,3,3,6,7,7,6,5,6,5,6,6,7,6,6,6,6,5,6,4,7,6,1.527628343,-1.276016706,-0.309324129,0.636263905,-0.258293638,-1.223451224
Male,Scottish ,Scotland,18-29,College,1,Employed (part time),,No,Yes,Yes,Yes,Yes,No,No,6,6,5,5,4,5,5,7,7,6,1,7,6,5,6,4,4,7,5,6,6,4,4,3,4,6,6,6,5,3,3,3,2,6,6,6,7,2,4,3,5,6,6,6,6,7,6,6,5,4,0.744562948,-1.704139794,0.325750168,0.844506444,-0.02958903,-1.096157435
Female,bulgarian,Scotland,18-29,Graduate,4,Employed (part time),,No,Yes,Yes,Yes,Yes,No,No,3,3,4,6,6,6,6,7,7,7,3,4,4,3,4,3,7,4,4,6,5,6,3,2,3,4,3,4,4,5,5,4,2,3,4,4,4,3,3,3,3,5,5,5,4,3,3,4,4,4,-1.254583065,-0.899481937,0.784815046,-0.820712733,-0.689155673,-0.898809677
Female,Scottish,Scotland,18-29,Secondary,1,Recently employed,Yes,No,No,Yes,Yes,Yes,Yes,No,4,4,3,4,6,5,4,7,6,4,2,3,6,4,4,7,6,7,7,5,4,5,4,4,5,6,6,6,4,3,4,5,6,7,4,3,3,3,4,4,4,5,6,7,5,5,5,5,5,5,-0.176764747,-0.026219225,-0.980859189,-0.54381282,1.642863689,-1.123906924
Female,Scottish ,Scotland,18-29,College,1,Employed (full time),No,No,No,No,Yes,No,Yes,No,6,6,6,6,2,6,6,5,5,5,1,6,6,5,7,7,4,7,4,5,5,6,5,1,7,7,6,6,7,6,7,7,7,7,5,5,5,2,4,6,6,7,6,5,6,5,4,6,7,6,0.07297967,1.731366823,-0.445033511,-0.072408121,0.754949518,-1.122630207
Female,Polish ,Scotland,30-39,Graduate,2,Employed (part time),,Yes,No,Yes,Yes,No,Yes,Yes,5,5,5,5,4,5,4,6,4,4,6,7,7,6,6,7,4,7,6,4,5,2,6,5,6,6,6,6,6,6,6,6,7,7,4,5,6,6,4,6,6,6,6,5,5,7,5,6,6,6,0.313858043,0.963242807,-1.29296907,1.375371515,0.213930953,-0.93903991
Female,Malaysia,Malaysia,18-29,College,2,Employed (full time),Yes,No,No,Yes,Yes,No,Yes,Yes,5,5,5,5,6,5,4,4,5,6,2,4,5,4,4,6,5,6,7,7,7,7,7,6,6,6,6,6,6,6,6,6,6,6,5,6,6,6,5,5,6,5,6,5,5,6,5,5,6,6,0.119564484,1.407567108,-0.694132557,-0.31977445,0.451626545,1.193897142
Female,British,Scotland,18-29,Graduate,1,Unemployed,,No,No,No,No,No,No,Yes,3,2,2,2,2,3,1,4,5,3,1,4,7,3,4,7,6,7,7,7,4,4,4,2,5,5,5,7,7,5,4,6,7,6,6,5,6,6,5,5,6,6,5,7,5,7,7,6,7,4,1.625422108,0.983956498,-3.660696759,-0.839864125,1.22035624,-1.375616592
Female,Malaysian,Malaysia,18-29,Graduate,2,Employed (part time),,Yes,Yes,Yes,No,Yes,No,No,5,5,6,6,3,5,2,6,6,5,2,3,3,4,4,2,2,2,6,5,4,3,4,3,5,5,5,4,4,4,4,5,5,6,3,4,5,1,4,5,4,6,6,5,5,6,5,4,5,4,0.555282177,-0.719302686,-0.522998629,-1.467622403,-1.297987953,-0.410230841
Prefer not to say,Malaysia,Malaysia,18-29,College,2,Employed (full time),Yes,No,Yes,Yes,Yes,Yes,Yes,Yes,6,6,5,7,6,6,6,6,6,6,4,5,5,5,5,7,7,4,7,4,5,5,6,5,6,7,6,5,5,5,5,5,5,5,5,5,5,5,5,5,5,5,6,4,5,6,5,4,6,5,-0.479920129,0.174111594,0.78423249,0.700943689,-0.177452354,0.345243495
Female,Malaysian,Malaysia,18-29,College,2,Recently employed,Yes,No,No,Yes,Yes,No,Yes,Yes,4,4,6,6,5,5,6,4,4,4,3,5,7,4,4,5,6,4,4,5,7,4,6,2,5,4,4,4,5,4,4,5,4,4,5,5,4,5,4,5,4,4,7,6,5,4,5,4,5,4,-0.206210509,-0.840400885,-0.531116029,0.029236014,0.328604385,0.259576556
Female,Bulgarian,Scotland,18-29,Graduate,4,Employed (part time),,No,Yes,Yes,Yes,Yes,Yes,No,4,3,4,3,5,5,5,6,6,5,2,6,6,4,5,6,4,6,6,3,6,4,5,2,6,5,5,5,5,5,5,5,5,7,5,5,5,4,4,6,6,6,6,5,6,6,6,6,6,6,0.740725258,0.303897408,-1.156711333,0.403830219,-0.248145635,-2.018979259
Female,Malaysia,Malaysia,18-29,College,4,Never worked,Yes,Yes,Yes,Yes,No,Yes,Yes,Yes,4,5,7,6,7,5,5,7,7,7,1,4,7,5,5,7,7,6,6,4,5,7,5,6,6,6,4,4,5,4,5,4,5,4,4,4,5,5,5,5,5,6,6,1,7,7,5,3,5,5,-0.459820662,-0.521465374,0.894278101,0.381833617,0.388842655,0.572131845
Male,Malaysian,Malaysia,18-29,College,2,Employed (full time),Yes,Yes,Yes,Yes,No,No,Yes,Yes,5,5,6,6,5,4,3,6,5,4,3,4,6,4,5,6,5,5,6,5,7,5,5,5,4,5,5,5,5,4,5,5,4,5,5,5,5,4,5,5,5,4,5,5,6,4,5,5,5,5,-0.295672248,-0.468668574,-0.625578131,0.535846448,0.378155042,0.849721953
Male,Malaysia,Malaysia,18-29,College,2,Employed (full time),Yes,Yes,Yes,Yes,Yes,Yes,Yes,Yes,5,5,5,6,7,5,4,7,5,5,6,6,6,6,5,5,5,4,4,4,4,5,5,4,5,5,5,5,5,5,6,5,5,5,6,6,6,6,6,6,6,6,6,4,6,6,5,5,5,6,0.513491087,-0.14463177,0.140053432,1.037421459,-2.111119745,0.563931366
Female,Malaysia,Malaysia,18-29,College,3,Never worked,,Yes,Yes,Yes,No,Yes,Yes,Yes,6,5,7,6,5,5,5,3,6,6,2,4,5,5,5,5,6,6,7,7,3,3,6,2,6,5,3,3,4,3,5,6,5,5,3,5,5,3,6,5,4,7,7,3,7,5,2,6,5,5,0.055852082,-0.928233611,0.146191256,-0.152707799,0.69795,-0.437919022
Female,Malaysian,Malaysia,18-29,Graduate,2,Employed (part time),,Yes,Yes,Yes,No,Yes,Yes,No,6,6,6,6,6,6,6,6,6,6,1,3,4,3,3,4,4,4,4,3,4,2,5,2,3,5,3,3,4,4,4,4,5,5,3,4,5,3,3,4,4,3,4,5,3,4,3,4,4,4,-1.103452623,-0.930813873,1.275649467,-0.918250452,-1.229442758,-1.325386213
Female,British,Scotland,18-29,Graduate,2,Employed (part time),No,No,No,Yes,Yes,Yes,Yes,Yes,7,7,7,5,5,5,5,6,5,5,2,7,6,6,5,6,4,6,6,4,6,4,6,1,6,3,4,5,4,3,5,4,5,5,6,4,5,5,5,5,5,6,6,6,6,6,6,6,6,6,0.750713128,-1.819643672,0.30283487,1.229514175,0.292950074,-0.018007026
Female,Scottish,Scotland,50-59,College,1,Employed (part time),,No,No,Yes,Yes,No,Yes,Yes,7,7,5,7,6,6,6,7,7,7,6,5,6,5,5,6,4,7,4,7,5,4,2,6,6,6,6,6,7,5,5,6,6,7,5,7,7,5,6,7,6,6,7,6,5,6,5,7,7,6,1.369679824,0.233482967,1.118401491,0.214061686,-1.326828324,-0.238022635
Female,Malaysia,Malaysia,18-29,Graduate,3,Employed (part time),Yes,No,Yes,Yes,Yes,Yes,Yes,No,6,5,7,7,6,5,5,3,6,4,5,5,6,5,5,6,5,5,6,2,7,5,7,3,5,6,5,5,5,7,7,6,7,7,6,7,6,6,5,7,6,7,7,6,6,6,6,7,6,5,1.275708278,0.66216557,-0.271104695,0.298002085,-0.347713493,0.177229993
Female,Scottish,Scotland,18-29,Postgraduate,2,Employed (part time),No,No,No,No,No,No,No,Yes,3,3,3,3,3,3,3,3,3,3,2,3,3,4,3,3,3,3,3,3,3,3,3,3,3,3,3,3,3,3,3,3,3,3,3,3,3,3,3,3,3,3,3,3,3,3,3,3,3,3,-1.724932663,-1.217117123,-2.251572411,-0.332062292,-1.828319682,-0.309100004
Female,Spanish,Scotland,18-29,Graduate,2,Employed (part time),No,No,No,No,No,Yes,No,No,3,3,3,3,6,6,6,7,7,7,2,3,2,2,5,5,5,6,6,6,7,4,6,2,5,2,4,7,4,6,6,5,4,6,4,3,5,2,2,7,6,7,5,7,3,3,4,4,4,2,-0.773589494,1.076813534,-0.199327303,-1.276455216,0.000187048,-3.085479495
Female,Scottish ,Scotland,40-49,Postgraduate,1,Employed (full time),No,Yes,No,Yes,Yes,No,Yes,Yes,5,5,5,5,1,4,3,3,5,3,2,2,7,7,7,7,3,7,7,2,7,3,3,3,7,7,7,7,7,7,7,6,4,7,7,7,7,6,6,6,6,7,6,5,5,7,6,6,6,7,1.071891202,2.07690414,-2.480631305,0.853187771,-0.58564545,-0.739755182
Male,Greek ,Scotland,18-29,Postgraduate,3,Unemployed,,No,Yes,Yes,No,Yes,Yes,No,5,2,6,6,5,5,5,5,6,4,1,5,7,2,7,7,7,7,6,6,3,4,3,5,3,7,4,2,2,5,6,6,4,6,4,5,5,6,3,4,6,6,7,6,2,4,4,3,5,6,-0.161367356,-0.772062701,-0.457788787,0.011897853,1.004352358,-0.266770545
Female,Scottish ,Scotland,18-29,Graduate,1,Employed (part time),No,No,No,Yes,No,Yes,Yes,Yes,7,7,6,5,5,5,5,6,7,7,3,5,5,5,4,7,5,7,5,5,6,5,4,3,7,7,4,6,4,3,3,4,4,4,4,3,3,3,4,3,4,5,6,4,5,4,4,4,5,5,-1.306111815,-1.032284212,0.844154244,0.913285895,0.924902594,-0.860559202
Male,Scottish,Scotland,18-29,Postgraduate,1,Unemployed,,No,No,Yes,No,No,Yes,No,5,5,5,5,4,5,5,5,5,5,6,4,6,4,5,5,7,6,5,6,4,2,5,5,4,4,4,5,5,5,5,4,4,5,4,5,5,5,5,5,5,5,5,7,5,6,6,6,7,6,0.926508231,-1.040051759,-0.648252445,0.085076616,0.022108812,0.05906831
Female,Nigeria,Scotland,18-29,Postgraduate,1,Employed (part time),,Yes,Yes,Yes,No,Yes,Yes,Yes,4,4,4,5,5,5,4,4,4,4,5,7,5,4,6,5,6,6,6,5,6,4,5,5,5,5,5,4,5,5,5,5,5,5,5,5,5,5,5,5,5,5,5,6,6,5,5,5,5,5,-0.064116413,-0.291858305,-1.376593326,1.14729935,0.134569112,0.278325316
Female,Scottish,Scotland,18-29,Graduate,1,Employed (part time),No,No,No,Yes,No,Yes,Yes,Yes,5,5,4,6,5,5,5,5,5,5,3,5,4,3,3,5,5,5,5,5,5,5,3,5,6,5,5,5,4,4,4,4,3,5,3,3,3,2,5,4,5,4,5,5,4,4,3,4,4,4,-1.359046019,-0.313411533,-0.260069483,-0.215624633,-0.157589746,0.204714618
Male,pakistani,Scotland,18-29,Graduate,4,Employed (part time),No,No,No,Yes,Yes,Yes,Yes,Yes,4,4,4,4,4,4,4,4,4,4,3,4,4,3,5,6,3,5,6,4,5,5,6,2,4,5,4,4,4,4,4,4,4,4,4,5,5,5,5,6,5,5,6,6,6,6,6,5,6,5,0.794817131,-1.090041964,-1.608855016,0.491430322,-0.792983498,-0.1409615
Female,Spanish,Scotland,18-29,Postgraduate,4,Unemployed,No,No,No,Yes,Yes,No,No,No,5,4,5,7,5,5,7,7,7,7,7,6,7,2,7,6,7,5,6,7,6,1,7,1,1,6,6,7,7,6,7,7,7,7,1,7,6,6,7,6,6,5,5,7,7,7,5,7,7,6,0.95324508,0.978996519,0.298987528,0.077095225,0.46027081,-2.571944503
Female,France ,Scotland,18-29,Graduate,2,Unemployed,No,No,No,Yes,Yes,No,Yes,Yes,4,5,5,5,4,5,5,6,6,6,1,2,6,2,2,6,6,6,6,6,6,6,6,2,6,6,5,6,4,4,4,6,6,6,4,4,6,5,6,5,5,6,5,6,5,6,6,4,5,3,0.510973624,0.505367124,-0.325471369,-1.6559589,0.559846597,-0.623568062
Female,British,Scotland,40-49,Postgraduate,2,Employed (part time),No,No,No,Yes,Yes,Yes,Yes,Yes,5,5,5,5,4,4,4,6,6,6,2,2,7,5,3,7,7,7,6,6,5,3,6,3,5,6,5,5,4,4,3,5,6,5,2,6,3,3,4,5,4,6,6,5,5,5,6,6,6,5,0.272968159,-0.609270748,-0.613520442,-0.559048418,1.923535967,-1.345709202
Female,Nigeria,Scotland,30-39,Postgraduate,2,Employed (part time),,No,Yes,Yes,Yes,Yes,Yes,Yes,7,7,7,7,7,7,7,7,7,7,5,7,5,6,6,7,4,7,5,4,4,4,5,3,2,4,2,3,2,3,2,3,6,5,5,5,6,5,5,5,5,4,5,7,6,5,4,4,5,5,0.228996422,-3.677796077,2.431093113,2.207519171,-0.777269717,-0.644494467
Male,Georgian,Scotland,18-29,Postgraduate,4,Employed (full time),,Yes,Yes,Yes,Yes,Yes,Yes,No,6,6,6,6,6,5,6,6,4,5,5,6,6,5,6,7,6,7,7,4,7,4,6,4,5,6,5,4,5,6,5,4,6,6,4,6,6,6,6,7,5,6,7,7,6,7,6,6,6,6,1.005669343,-0.836420747,0.00111126,1.45482842,0.667192342,0.078671517
Female,British ,Scotland,18-29,Postgraduate,1,Employed (part time),,No,No,Yes,Yes,Yes,No,No,6,5,5,4,5,5,5,7,7,7,1,1,7,5,5,1,7,3,7,5,7,4,7,2,2,1,2,1,1,1,1,2,7,7,7,3,7,6,1,4,2,7,6,7,4,7,5,5,6,4,2.127887976,-4.759893096,0.751359967,-1.053049483,1.219345615,-0.639686077
Female,Nigerian,Scotland,18-29,Postgraduate,1,Employed (full time),Yes,No,Yes,Yes,Yes,Yes,Yes,No,5,5,5,5,5,5,5,5,6,5,3,4,6,5,4,4,4,4,5,4,5,3,5,2,5,5,4,5,5,4,4,5,6,6,3,4,5,4,4,4,5,5,5,6,4,4,4,6,5,4,-0.1876109,-0.258878149,-0.309936273,-0.40483378,-0.252258933,-1.281575881
Female,Black British ,Scotland,18-29,Postgraduate,2,Employed (part time),,No,Yes,Yes,Yes,Yes,Yes,No,4,7,4,4,5,4,4,7,5,3,3,5,5,1,3,3,4,5,7,3,5,3,5,4,4,5,4,5,4,5,5,5,5,5,3,4,4,1,3,2,4,4,5,5,5,4,4,5,5,5,-1.02626484,0.148352529,-0.852423434,-0.935757073,0.569559589,-0.81352859
Female,Malaysian,Malaysia,18-29,Graduate,3,Never worked,No,No,Yes,Yes,No,Yes,Yes,Yes,7,7,7,7,5,5,4,7,7,4,4,6,7,5,6,7,6,7,7,4,7,7,7,5,7,7,7,7,7,7,7,7,7,7,7,7,7,7,7,7,7,7,7,7,7,7,7,7,7,7,1.721444656,1.347775409,0.144923374,0.764834745,0.379736456,1.133261524
Female,British ,Scotland,18-29,Postgraduate,1,Employed (part time),No,No,No,No,Yes,Yes,No,No,4,4,6,4,4,4,6,5,5,6,1,2,6,2,5,4,6,4,6,4,6,4,6,3,3,4,3,6,4,5,5,7,7,3,5,4,1,2,4,5,4,7,7,7,4,6,5,6,6,3,0.57382213,-0.105241669,-0.841095719,-2.351496328,1.714871312,-0.654782312
Female,Scottish,Scotland,18-29,Postgraduate,2,Employed (part time),,No,No,Yes,Yes,No,Yes,Yes,6,6,6,6,6,5,7,6,6,7,2,4,7,7,6,6,7,6,6,6,5,5,5,2,6,6,6,5,6,5,6,6,5,6,6,6,6,4,6,6,6,7,7,5,7,6,6,6,6,6,1.044694871,0.187977691,0.630854024,0.142554131,0.312954017,-0.346693937
Male,Chile,Scotland,30-39,Postgraduate,3,Employed (part time),No,Yes,Yes,Yes,Yes,Yes,Yes,Yes,6,4,3,4,6,5,6,7,6,6,2,2,7,3,6,6,5,7,6,5,6,4,6,5,6,4,3,6,5,5,6,6,6,6,5,6,5,6,5,4,6,6,6,5,6,4,4,4,5,6,-0.015340599,0.953602625,-0.128499037,-0.398824412,0.051000481,-1.134636445
Female,White British ,Scotland,18-29,Postgraduate,1,Recently employed,Yes,No,No,Yes,Yes,No,No,No,3,3,3,2,1,3,4,2,4,3,7,2,7,1,1,5,7,7,5,7,7,1,4,1,4,2,1,1,3,3,3,7,7,7,5,7,7,7,5,7,7,7,7,7,7,7,7,7,7,4,3.933491065,-1.919804045,-3.25756895,-1.387705216,0.208318328,-1.546960336
Male,Scottish,Scotland,30-39,Graduate,1,Employed (full time),No,Yes,No,Yes,No,No,Yes,No,4,5,2,3,2,5,5,2,6,4,2,7,6,7,7,7,4,6,7,5,7,1,6,1,7,7,7,5,7,4,4,3,3,7,6,3,6,6,7,6,7,7,5,6,5,7,6,7,5,7,0.740017613,0.057335395,-2.32302062,2.603004935,-0.056514842,-2.227790514
Male,British,Scotland,40-49,College,1,Employed (part time),No,No,No,No,Yes,No,Yes,No,5,5,4,5,7,6,6,7,4,6,2,7,7,5,7,7,5,7,6,6,7,6,7,7,5,5,5,7,6,5,7,7,7,7,5,5,7,5,7,7,7,7,7,7,6,6,6,6,7,7,1.152231201,0.825710524,-0.264883849,0.66566045,0.794234293,0.49313798
Female,Costa Rican,Scotland,40-49,Postgraduate,5+,Recently employed,Yes,No,Yes,Yes,Yes,No,Yes,No,6,6,6,6,6,6,6,6,6,6,1,2,7,4,5,7,7,6,6,6,6,2,6,2,6,6,6,6,6,5,6,6,6,6,2,5,6,1,4,5,5,6,6,4,4,6,6,6,6,3,-0.289133493,1.168337901,0.492651293,-1.336808279,1.75755422,-1.82645739
Male,oman,Scotland,40-49,Postgraduate,2,Employed (fixed term),,Yes,No,Yes,No,No,Yes,No,5,4,5,6,6,5,4,5,4,4,3,6,6,5,6,6,5,6,5,5,5,6,5,4,5,5,4,6,4,5,5,6,6,6,6,5,5,6,5,5,5,5,6,5,5,5,5,5,5,6,0.030150639,-0.047434681,-0.706864639,0.71071016,0.034058999,0.794541146
Male,India ,Scotland,18-29,Postgraduate,3,Employed (full time),Yes,No,Yes,Yes,Yes,Yes,Yes,No,7,7,7,7,7,7,7,7,7,7,3,4,5,7,7,7,7,7,7,7,7,7,7,7,7,7,7,7,7,7,6,5,5,5,7,5,6,5,6,6,4,5,6,6,6,5,5,6,5,6,-0.584966661,1.0444152,1.773524541,0.940590276,0.760843094,1.45338106
Female,British ,Scotland,18-29,Graduate,1,Employed (part time),,No,Yes,Yes,Yes,Yes,Yes,Yes,7,7,7,7,7,7,7,7,7,7,6,6,5,5,5,7,6,7,6,6,4,5,7,1,5,6,4,5,7,5,5,5,5,7,6,4,6,4,5,5,6,7,7,6,7,7,6,5,6,6,0.810416237,-0.621441528,1.933865465,0.599574843,0.073270176,-0.919498104
Female,malaysian ,Malaysia,18-29,College,2,Employed (part time),No,Yes,No,Yes,Yes,Yes,Yes,Yes,6,6,7,5,6,6,6,7,6,5,3,3,4,5,5,7,7,6,6,6,6,6,7,7,6,6,6,6,6,6,6,6,6,6,6,6,6,6,6,6,6,6,6,6,6,6,6,6,6,6,0.748285759,0.908612502,0.608823854,-0.191499547,-0.247186814,1.345132912
Male,Iranian,Scotland,30-39,Postgraduate,2,Employed (full time),,Yes,Yes,Yes,Yes,Yes,Yes,Yes,7,7,3,7,5,5,5,6,6,6,6,6,7,6,7,7,5,7,6,5,7,5,6,5,6,5,6,6,7,6,6,6,7,7,6,6,6,5,7,7,7,7,7,7,5,7,7,7,6,6,1.42470476,0.493125027,-0.117384477,1.199687315,0.306526524,-0.210462217
Male,Malaysia,Malaysia,18-29,Graduate,2,Employed (full time),,Yes,Yes,Yes,Yes,Yes,Yes,Yes,5,5,4,5,5,6,5,5,5,6,2,3,4,4,5,5,4,5,6,4,5,4,5,5,5,4,4,4,5,5,6,5,5,6,5,5,5,5,5,5,4,6,5,4,4,5,4,5,4,6,-0.306956121,0.428201864,-0.161908141,-0.32779309,-1.219842912,-0.195986762
Male,Malaysia,Malaysia,18-29,College,2,Never worked,,No,No,Yes,No,Yes,No,Yes,4,4,2,5,3,6,3,5,3,5,3,4,4,4,4,4,4,4,5,2,5,3,6,3,5,3,5,2,4,2,5,2,5,2,6,2,5,2,5,2,5,2,5,2,5,2,6,3,5,2,-1.427643194,-1.008425802,-1.211596802,0.834447538,-1.493468162,-0.481153897